-- phpMyAdmin SQL Dump
-- version 5.0.1
-- https://www.phpmyadmin.net/
--
-- Host: localhost
-- Generation Time: Feb 22, 2021 at 09:12 PM
-- Server version: 10.4.11-MariaDB
-- PHP Version: 7.4.3

SET SQL_MODE = "NO_AUTO_VALUE_ON_ZERO";
SET AUTOCOMMIT = 0;
START TRANSACTION;
SET time_zone = "+00:00";

--
-- Database: `database1`
--
CREATE DATABASE IF NOT EXISTS `database1` DEFAULT CHARACTER SET utf8mb4 COLLATE utf8mb4_general_ci;
USE `database1`;

-- --------------------------------------------------------

--
-- Table structure for table `CONNECTIONS`
--

DROP TABLE IF EXISTS `CONNECTIONS`;
CREATE TABLE `CONNECTIONS` (
  `CONNECTION_ID` int(11) NOT NULL,
  `USER1` int(10) NOT NULL,
  `USER2` int(10) NOT NULL
) ENGINE=InnoDB DEFAULT CHARSET=utf8mb4;

--
-- Dumping data for table `CONNECTIONS`
--

INSERT INTO `CONNECTIONS` (`CONNECTION_ID`, `USER1`, `USER2`) VALUES
(1, 3, 1),
(2, 1, 3),
(3, 1, 5),
(4, 5, 1),
(13, 1, 8),
(14, 8, 1);

-- --------------------------------------------------------

--
-- Table structure for table `DIET_TYPE`
--

DROP TABLE IF EXISTS `DIET_TYPE`;
CREATE TABLE `DIET_TYPE` (
  `DIET_ID` int(11) NOT NULL,
  `DIET_NAME` int(11) NOT NULL
) ENGINE=InnoDB DEFAULT CHARSET=utf8mb4;

-- --------------------------------------------------------

--
-- Table structure for table `EVENTS`
--

DROP TABLE IF EXISTS `EVENTS`;
CREATE TABLE `EVENTS` (
  `EVENT_ID` int(10) NOT NULL,
  `EVENT_NAME` varchar(250) NOT NULL,
  `EVENT_DATE` date NOT NULL,
  `EVENT_TIME` time NOT NULL,
  `CREATOR_ID` int(10) NOT NULL,
  `NUM_VOTES` int(10) NOT NULL DEFAULT 1
) ENGINE=InnoDB DEFAULT CHARSET=utf8mb4;

--
-- Dumping data for table `EVENTS`
--

INSERT INTO `EVENTS` (`EVENT_ID`, `EVENT_NAME`, `EVENT_DATE`, `EVENT_TIME`, `CREATOR_ID`, `NUM_VOTES`) VALUES
(2, 'Valentine\'s day', '0000-00-00', '00:00:00', 2, 1),
(24, 'Event 4', '2021-02-01', '19:00:00', 2, 1),
(36, 'graduation ', '2021-02-02', '16:00:00', 2, 1),
(37, 'Valentine\'s Day', '2021-02-14', '19:00:00', 2, 1);

-- --------------------------------------------------------

--
-- Table structure for table `EVENT_LOCATIONS`
--

DROP TABLE IF EXISTS `EVENT_LOCATIONS`;
CREATE TABLE `EVENT_LOCATIONS` (
  `ID` int(10) NOT NULL,
  `EVENT_ID` int(10) NOT NULL,
  `LOCATION` varchar(250) NOT NULL
) ENGINE=InnoDB DEFAULT CHARSET=utf8mb4;

--
-- Dumping data for table `EVENT_LOCATIONS`
--

INSERT INTO `EVENT_LOCATIONS` (`ID`, `EVENT_ID`, `LOCATION`) VALUES
(29, 13, 'Test'),
(35, 37, 'A'),
(36, 37, 'B'),
(52, 36, 'Uni'),
(53, 36, 'Pizza hut'),
(56, 36, 'New'),
(57, 37, 'C'),
(58, 37, 'D');

-- --------------------------------------------------------

--
-- Table structure for table `EVENT_USERS`
--

DROP TABLE IF EXISTS `EVENT_USERS`;
CREATE TABLE `EVENT_USERS` (
  `ID` int(11) NOT NULL,
  `EVENT_ID` int(11) NOT NULL,
  `USER_ID` int(11) NOT NULL,
  `VOTES` varchar(250) DEFAULT NULL
) ENGINE=InnoDB DEFAULT CHARSET=utf8mb4;

--
-- Dumping data for table `EVENT_USERS`
--

INSERT INTO `EVENT_USERS` (`ID`, `EVENT_ID`, `USER_ID`, `VOTES`) VALUES
(13, 13, 1, NULL),
(15, 14, 1, NULL),
(48, 36, 1, 'Pizza hut'),
(49, 37, 1, 'A'),
(51, 36, 2, NULL),
(93, 36, 5, NULL),
(94, 37, 5, NULL);

-- --------------------------------------------------------

--
-- Table structure for table `FOOD`
--

DROP TABLE IF EXISTS `FOOD`;
CREATE TABLE `FOOD` (
  `FOOD_ID` int(10) NOT NULL,
  `NAME` varchar(250) DEFAULT NULL,
  `PRICE` float DEFAULT NULL,
  `DESCRIPTION` varchar(250) DEFAULT NULL,
  `RESTAURANT_ID` int(10) NOT NULL,
  `AVAILABLE` varchar(250) NOT NULL,
  `DIET_TYPE` varchar(250) DEFAULT NULL,
  `HEALTHY_RATING` float NOT NULL,
  `FILLING_RATING` float NOT NULL,
  `AVG_RATING` float NOT NULL
) ENGINE=InnoDB DEFAULT CHARSET=utf8mb4;

--
-- Dumping data for table `FOOD`
--

INSERT INTO `FOOD` (`FOOD_ID`, `NAME`, `PRICE`, `DESCRIPTION`, `RESTAURANT_ID`, `AVAILABLE`, `DIET_TYPE`, `HEALTHY_RATING`, `FILLING_RATING`, `AVG_RATING`) VALUES
(1, 'Pizza', 7.71, 'Cheese sauce (contains gluten), chicken, pepperoni, jalapeños and our signature triple cheese blend.', 1, 'false', '3', 2.09, 0.75, 2.39),
(2, 'Cake', 4.56, 'Top this classic carrot cake with moreish icing and chopped walnuts or pecans. Serve as a sweet treat with a cup of tea any time of the day. ', 1, 'true', '2', 4.8, 2.09, 0.97),
(3, 'Ice cream ', 10.17, 'With just five ingredients, including vanilla and salt, this no-churn ice cream tastes pure and simple, with a fresh dairy flavor, unlike recipes based on canned milk', 2, 'true', '3', 3.46, 4.57, 2.65),
(4, 'Chips', 5.7, 'Golden, crispy, triple cooked, thick cut chips.', 1, 'true', '1', 4.43, 4.39, 3.74),
(5, 'Burrito', 8.46, 'Got a hungry gang? Serve these seriously filling burritos, with beans, meat, potatoes, chillies, and thick salsa topping it all. ', 2, 'true', '1', 0.63, 1.71, 1.77),
(6, 'Banana', 4.23, 'Natural and fresh bananas straight from the trees', 4, 'false', '2', 3.69, 3.34, 0.7),
(7, 'Bacon burger', 6.24, 'Our classic burger topped with applewood smoked bacon and cheddar jack cheese', 1, 'true', '3', 3.27, 4.45, 2.63),
(8, 'Turkey Burger', 7.99, 'Turkey patty topped with swiss cheese and chipotle mayo', 1, 'true', '3', 4.68, 0.82, 4.74),
(9, 'Chicken  Salad', 0.24, 'Grilled chicken over Romaine and Iceberg lettuce topped with croutons, shaved parmasan cheese and our Ceasar dressing', 1, 'true', '3', 1.64, 3.76, 4.07),
(10, 'Bag of Chips', 8.69, 'ruffles, cheetos, doritos, fritos, bbq', 2, 'true', '2', 4.14, 3.6, 0.66),
(11, 'Cans of Soda', 0.75, 'pepsi, diet pepsi, mt. dew, root beer, orange, 7-up, dr. pepper, lemonade', 2, 'true', '3', 2.31, 4.66, 1.66),
(12, '2 Liter of Soda', 9.13, 'pepsi, diet pepsi, mt. dew', 1, 'true', '1', 4.1, 0.82, 1.57),
(13, 'Extra Dressing', 1.45, 'French, thousand Island, bleu cheese, ranch, Italian', 3, 'true', '3', 0.49, 2.65, 1.94),
(14, 'Black Forest Ham', 0.81, 'Simply delicious. This flavorful sandwich is packed with lean black forest and served on favorite freshly baked bread, like 9 grain wheat or italian', 2, 'true', '3', 1.77, 3, 4.76),
(15, 'Oven Roasted Chicken', 10.18, 'Oven roasted to perfection and piled high atop freshly baked bread with favorite toppings from spicy jalapenos to crisp green peppers', 2, 'true', '1', 0.13, 1.03, 4.74),
(16, 'Roast Beef', 6.51, 'This tasty number, with less than 6g of fat, is piled high with lean roast beef and choice of fresh veggies, like crisp green peppers and juicy tomatoes', 1, 'true', '3', 1.01, 0.63, 0.1),
(17, 'Subway Club', 1.98, 'Tender sliced turkey, lean roast beef and tasty black forest ham come together with choice of fresh veggies for a low-fat flavor fiesta', 4, 'true', '2', 3.52, 2.57, 2.31),
(18, 'Sweet Onion Chicken Teriyaki', 0.85, 'This gourmet specialty is a flavorful blend of tender teriyaki glazed chicken strips and our own fat-free sweet onion sauce. Served hot & toasted on freshly baked bread', 3, 'true', '3', 3.79, 2.24, 4.7),
(19, 'Turkey Breast', 8.8, 'Tender turkey breast piled sky-high with everything from lettuce and tomatoes to banana peppers', 1, 'true', '1', 2.07, 1.12, 4.31),
(20, 'Turkey Breast & Black Forest Ham', 9.98, 'Tender sliced turkey breast and black forest ham with your favorite veggies from juicy tomatoes to sweet red onions served on your favorite freshly baked bread', 4, 'true', '1', 3.49, 4.5, 2.2),
(21, 'Veggie Delite', 2.51, 'Crispy, crunchy and classically delicious. The veggie delite is tangible proof that a sandwich can be high in flavor without being high in fat', 2, 'true', '1', 2.41, 0.53, 0.29),
(22, 'Bacon, Egg & Cheese', 3.58, 'With crispy bacon, egg and melty cheese on fresh toasted flatbread', 1, 'true', '1', 4.78, 3.4, 2.67),
(23, 'Black Forest Ham, Egg & Cheese', 10.38, 'Savory black forest ham, melted cheese, and egg whites all on a fresh toasted english muffin. Add choice of toasty veggies', 3, 'true', '1', 3.13, 2.75, 4.34),
(24, 'Breakfast B.M.T. Melt', 9.65, 'Fluffy egg whites, black forest ham, salami and spicy pepperoni come together with bubbly melted cheese', 3, 'true', '3', 3.63, 0.23, 0.04),
(25, 'Egg & Cheese', 6.61, 'Our egg and cheese is simply delicious. Enjoy a fluffy egg omelet with melted cheese fresh toasted on freshly baked bread', 4, 'true', '2', 4.39, 2.25, 2.94),
(26, 'Steak, Egg & Cheese', 4.1, 'Yummy egg with tender and delicious steak. All covered in melty cheese on freshly baked bread', 1, 'true', '3', 3.06, 1.58, 3.59),
(27, 'Sunrise Subway Melt', 0.64, 'Delightfully delicious breakfast of tender turkey, crispy bacon, black forest ham and fluffy egg white under a blanket of bubbly melted cheese', 3, 'true', '2', 3.42, 1.42, 1.73),
(28, 'B.L.T.', 1.41, 'Crisp bacon, lettuce and juicy tomato', 4, 'true', '2', 4.37, 1.96, 1.59),
(29, 'Bacon, Egg & Cheese', 5.12, 'With crispy bacon, egg and melty cheese on fresh toasted flatbread', 1, 'true', '1', 2.03, 0.5, 1.3),
(30, 'Black Forest Ham', 0.38, 'Simply delicious. This flavorful sandwich is packed with lean black forest ham and served on favorite freshly baked bread, like 9 grain wheat or italian', 2, 'true', '3', 0.1, 1.47, 2.13),
(31, 'Buffalo Chicken', 7.52, 'All that cool, creamy ranch, poured over tender glazed buffalo chicken', 2, 'true', '2', 1.33, 0.26, 2.19),
(32, 'Chicken & Bacon Ranch Melt', 4.95, 'Chicken & bacon ranch sandwich. Stuffed with melted Monterey cheddar cheese, tender all-white meat chicken, crispy bacon, lettuce, tomato, onions and green peppers', 2, 'true', '1', 0.35, 0.06, 4.17),
(33, 'Chicken Parmesan', 2.19, 'An italian classic with a subway twist. Tender, juicy chicken and our signature recipe marinara sauce. All fresh toasted with lots of melty cheese', 4, 'true', '3', 1.04, 2.48, 4.38),
(34, 'Chicken Pizziola Melt', 6.57, 'Our fresh take on italian. Juicy chicken, zest-errific pepperoni, and our signature recipe marinara sauce toasted with melty cheese on favorite freshly baked bread', 2, 'true', '1', 4.63, 0.2, 1.82),
(35, 'Cold Cut Combo', 5.28, 'The cold cut combo is stacked with turkey-based meats - ham, salami and bologna. It\'s topped with crisp vegetables and served on freshly baked bread', 2, 'true', '2', 3.58, 2.65, 2.49),
(36, 'Italian B.M.T.', 6.68, 'An italian masterpiece with genoa salami, spicy pepperoni, and black forest ham. Add favorite veggies on choice of freshly baked bread', 1, 'true', '1', 4.47, 0.17, 2.15),
(37, 'Meatball Marinara', 7.07, 'Italian style meatballs, drench them in mangialicious marinara sauce, and then serve \'em on your favorite freshly baked bread with choice of crisp veggies', 1, 'true', '3', 0.42, 0.55, 1.47),
(38, 'Meatball Pepperoni Melt', 4.81, 'A delizioso combo of italian style meatballs and zest-errific pepperoni toasted with plenty of melty cheese and our signature recipe marinara sauce on freshly baked bread', 1, 'true', '2', 0.78, 4.41, 0.07),
(39, 'Oven Roasted Chicken', 2.83, 'Oven roasted to perfection and piled high atop freshly baked bread with favorite toppings from spicy jalapenos to crisp green peppers', 1, 'true', '1', 1.8, 3.89, 4.25),
(40, 'Roast Beef', 10.19, 'This tasty number, with less than 6g of fat, is piled high with lean roast beef and choice of fresh veggies, like crisp green peppers and juicy tomatoes', 2, 'true', '3', 4.66, 0.73, 4.36),
(41, 'Steak & Cheese', 0.48, 'Piled high onto freshly baked bread and choice of crisp veggies', 3, 'true', '3', 0.03, 1.73, 3.65),
(42, 'Subway Club', 3.31, 'Tender sliced turkey, lean roast beef and tasty black forest ham come together with choice of fresh veggies for a low-fat flavor fiesta', 2, 'true', '1', 3.24, 0.33, 1.75),
(43, 'Subway Melt', 4.59, 'Freshly baked bread stuffed with tender sliced turkey, ham, crispy bacon, melted cheese, and choice of tasty vegetables and condiments', 1, 'true', '3', 2.83, 4, 1.68),
(44, 'Spicy Italian', 2.54, 'Served on favorite freshly baked bread and toasted to perfection, the spicy italian features spicy pepperoni and sensational salami', 4, 'true', '2', 1.31, 1.51, 3.6),
(45, 'Sweet Onion Chicken Teriyaki', 9.4, 'This gourmet specialty is a flavorful blend of tender teriyaki glazed chicken strips and our own fat-free sweet onion sauce. Served hot & toasted on freshly baked bread', 4, 'true', '1', 3.64, 2.51, 1.61),
(46, 'The Big Philly Cheesesteak', 7.89, 'With lots of steak smothered in melted cheese', 2, 'true', '1', 0.51, 2.62, 1.77),
(47, 'Tuna', 0.75, 'Our tasty tuna sandwich is simply sumptuous. Flaked tuna, mixed with mayo, and choice of fresh vegetables', 1, 'true', '2', 0.96, 4.38, 4.32),
(48, 'Turkey Breast', 1.07, 'Tender turkey breast piled sky-high with everything from lettuce and tomatoes to banana peppers', 2, 'true', '3', 3.54, 4.75, 3.3),
(49, 'Turkey Breast & Black Forest Ham', 3.09, 'Tender sliced turkey breast and black forest ham with your favorite veggies from juicy tomatoes to sweet red onions served on your favorite freshly baked bread', 2, 'true', '3', 2.25, 1.33, 4.78),
(50, 'Veggie Delite', 1.75, 'Crispy, crunchy and classically delicious. The veggie delite is tangible proof that a sandwich can be high in flavor without being high in fat', 2, 'true', '2', 0.3, 1.84, 3.39),
(51, 'Bacon, Egg & Cheese', 9.94, 'With crispy bacon, egg and melty cheese on fresh toasted flatbread', 2, 'true', '3', 1.63, 2.85, 4.46),
(52, 'Black Forest Ham', 2.48, 'Simply delicious. This flavorful sandwich is packed with lean black forest and served on favorite freshly baked bread, like 9 grain wheat or italian', 3, 'true', '2', 3.93, 1.37, 4.83),
(53, 'B.L.T.', 3.55, 'Crisp bacon, lettuce and juicy tomato', 1, 'true', '3', 0.45, 2.45, 1.1),
(54, 'Cold Cut Combo', 10.28, 'The cold cut combo is stacked with turkey-based meats - ham, salami and bologna. It\'s topped with crisp vegetables and served on freshly baked bread', 2, 'true', '1', 3.04, 2.08, 1.27),
(55, 'Meatball Marinara', 9.29, 'Italian style meatballs, drench them in mangialicious marinara sauce, and then serve \'em on favorite freshly baked bread with choice of crisp veggies', 4, 'true', '2', 0.09, 1.54, 2.53),
(56, 'Spicy Italian', 5.12, 'Served on favorite freshly baked bread and toasted to perfection, the spicy italian features spicy pepperoni and sensational salami', 3, 'true', '1', 3.1, 3, 0.8),
(57, 'Sauce and Cheese', 8.2, 'Choose from extra, easy or none for sauce or cheese.', 3, 'true', '2', 4.77, 1.83, 4.66),
(58, 'Tuscani Meaty Marinara', 4.65, 'Savory Italian-seasoned meat sauce and rotini pasta topped with cheese and oven-baked', 4, 'true', '3', 3.09, 1.47, 2.98),
(59, 'Tuscani Creamy Chicken Alfredo', 9.15, 'Grilled chicken breast strips and rotini pasta oven-baked in a creamy alfredo sauce with a layer of melted cheese', 3, 'true', '3', 0.68, 4.24, 4.47),
(60, 'Tuscani Tuesday Deal', 0.29, 'Make Tuesday night pasta night and enjoy two pastas for one great price. Choose your favorite two of our delicious recipes plus get 5 breadsticks, all for just $10!Valid Tuesday only. Limited time offer.', 4, 'true', '2', 4.69, 0.23, 1.79),
(61, 'Ultimate Cheese Lover\'s Pizza', 5.46, 'Made with alfredo sauce. Covered in creamy alfredo sauce and topped with delicious cheeses', 2, 'true', '2', 3.33, 1.47, 2.26),
(62, 'Pepperoni Lover\'s Pizza', 5.45, 'Layered with extra pepperoni plus extra cheese for a pepperoni in every bite', 3, 'true', '1', 1.97, 3.07, 4.53),
(63, 'Meat Lover\'s Pizza', 0.38, 'Loaded with pepperoni, ham, beef, bacon and sausage', 2, 'true', '3', 3.61, 4.45, 1.62),
(64, 'Veggie Lover\'s Pizza', 6.5, 'Packed with five veggies, including fresh tomatoes, mushrooms, red onions, green peppers, and black olives', 3, 'true', '3', 4.52, 3.03, 1.61),
(65, 'Supreme Pizza', 10.39, 'Our signature blend of pepperoni, pork sausage, beef, mushrooms, red onions and green peppers', 2, 'true', '3', 3.83, 4.53, 1.35),
(66, 'Super Supreme Pizza', 0.96, 'A feast of pepperoni, ham, beef, pork sausage, Italian sausage, red onions, mushrooms, green peppers and black olives', 4, 'true', '3', 2.93, 0.79, 0.06),
(67, 'Chicken Supreme Pizza', 5.1, 'Tender chunks of grilled chicken breast with fresh mushrooms, red onions and green peppers.', 2, 'true', '1', 2.82, 4.12, 2.33),
(68, 'Spicy Sicilian Pizza', 1.63, 'An Italian Tradition with a Fiery Kick: 100% real seasoned beef, Italian sausage, fresh sweet red onions, and spicy jalapenos', 4, 'true', '1', 4.18, 4.11, 3.09),
(69, 'Cheese Lovers Plus', 3.34, 'A massive, melted layer of real cheese topped with any two of your favorite toppings.', 4, 'true', '1', 3.13, 1.45, 2.76),
(70, '$10 Dinner Box', 1.28, 'Includes one medium rectangular 1-topping pizza, 5 breadsticks with marinara dipping sauce, and 10 cinnamon sticks with icing - all in one convenient box. Limited time offer.', 2, 'true', '3', 4.55, 4.65, 4.68),
(71, 'Cheesy Bites Pizza', 6.88, 'Bring good times to the dinner table with a large, one-topping pizza surrounded by 28 cheese-filled bites with marinara dipping sauce. Limited time offer.', 3, 'true', '3', 3.99, 0.06, 3),
(72, 'Meaty P\'Zone Pizza', 9.59, 'It\'s multi-meat mayhem in there. Stuffed with all your favorites - pepperoni, ham, Italian sausage, pork, beef, and of course cheese. Served with zesty marinara on the side', 3, 'true', '3', 3.99, 0.06, 3.02),
(73, 'Pepperoni P\'Zone Pizza', 6.29, 'If pepperoni\'s your passion - lots and lots of pepperoni - this is your P\'Zone. Served with zesty marinara on the side', 1, 'true', '3', 0.21, 1.8, 3.44),
(74, 'Supremo P\'Zone Pizza', 2.68, 'Savory Italian sausage mixes with fresh green peppers and red onions in this meat-and-veggie combo. Served with zesty marinara on the side', 4, 'true', '3', 1.99, 4.51, 1.89),
(75, 'Buffalo Burnin\' Hot', 5.02, 'Extreme heat for the daring buffalo eater', 2, 'true', '1', 0.79, 3.18, 3.72),
(76, 'Buffalo Medium', 6.54, 'Bold buffalo flavor with a spicy kick', 3, 'true', '2', 4.15, 4.67, 1.11),
(77, 'Buffalo Mild', 7.14, 'All of the flavor without the fire', 2, 'true', '3', 1.34, 3.35, 2.9),
(78, 'Spicy Asian', 5.59, 'Far East flavors in a spicy sweet sauce', 2, 'true', '1', 4.46, 3.8, 0.7),
(79, 'Spicy BBQ', 6.52, 'Savory and sassy with just a little kick', 3, 'true', '1', 1.9, 2.5, 1.87),
(80, 'Honey BBQ', 5.32, 'Sweet taste from the honey side of the street', 3, 'true', '1', 1.85, 3.64, 2.81),
(81, 'Lemon Pepper', 7.03, 'Zesty lemon with a peppery punch', 3, 'true', '2', 3.14, 2.37, 2.39),
(82, 'Garlic Parmesan', 8.68, 'The toast of Italy, the taste of two great flavors', 3, 'true', '1', 4.85, 2.35, 2.09),
(83, 'Naked Wings', 1.34, 'No sauce, but crispy, crunchy, tender and tasty', 1, 'true', '1', 3.41, 0.95, 4.3),
(84, 'Breadsticks', 1.64, 'Crispy on the outside, soft and chewy on the inside. Served with marinara dipping sauce', 3, 'true', '3', 3.94, 1.92, 2.63),
(85, 'Cheese Sticks', 4.17, 'Soft, warm breadsticks sprinkled with a flavorful blend of Italian seasonings, smothered in blended mozzarella cheese. Served with marinara dipping sauce', 4, 'true', '2', 2.51, 4.66, 1.03),
(86, 'P\'Zone Pizza', 5.42, 'Loaded with toppings and cheese baked in a folded pizza crust and served with marinara sauce on the side! Available in supremo, meaty and pepperoni', 3, 'true', '3', 0.99, 1.82, 1.24),
(87, 'Stuffed Pizza Rollers', 4.07, 'Hand-tossed style dough wrapped around pepperoni and mozzarella cheese, and then generously seasoned with garlic and parmesan. Comes with your choice of marinara or ranch dipping sauce', 2, 'true', '2', 0.71, 4.71, 1.84),
(88, 'Hershey\'s Chocolate Dunkers', 4.11, 'Hershey\'s chocolate dunkers is a freshly baked dessert topped with a touch of white chocolate blended with hershey\'s milk chocolate and served with a rich chocolate dipping sauce', 2, 'true', '3', 4.85, 4.01, 0.61),
(89, 'Cinnamon Sticks', 8.3, 'A freshly baked treat, loaded with cinnamon and sugar. Served with white icing for dipping', 1, 'true', '3', 0.8, 2.15, 3.47),
(90, 'Pepsi', 8.19, 'The bold, robust, effervescently magic cola', 4, 'true', '2', 1.06, 4.71, 0.75),
(91, 'Diet Pepsi', 5.54, 'Light, crisp, refreshing with zero sugar, zero calories and zero carbs', 2, 'true', '2', 4.3, 4.54, 4.9),
(92, 'Mountain Dew', 3.14, 'Way more energizing and thirst quenching with a one of a kind great taste', 4, 'true', '1', 1.06, 0.39, 3.68),
(93, 'Sierra Mist', 9.54, 'Crisp, clean and refreshing lemon lime soda with natural lemon and lime flavors and just the right amount of sweetness to invigorate your senses and leave you totally refreshed', 1, 'true', '2', 2.52, 1.53, 0.07),
(94, 'Ribeye Steak', 6.8, '10 oz. charcoal broiled steak served with a small lodge salad and vegetable.', 1, 'true', '1', 0.68, 3.17, 4),
(95, 'Petite Ribeye', 5.37, 'Lightly seasoned and charcoal broiled. Served with a small lodge salad and vegetable.', 1, 'true', '1', 0.66, 1.1, 3.5),
(96, 'Toasted Ravioli', 6.45, '10 pieces golden brown with marinara sauce and Parmigiana cheese. Served with a small lodge salad and vegetable.', 4, 'true', '3', 4.41, 1.75, 0.4),
(97, 'Homestlye Chicken Tenderloins', 5.62, 'Seasoned, crisp tender strips served with housemade peppercorn dipping sauce, a small lodge salad and vegetable.', 4, 'true', '2', 1.65, 2.11, 0.72),
(98, 'Chicken Florentine', 8.76, 'Broiled, then baked with spinach, artichoke and Jack cheese. Served with a small lodge salad and vegetable.', 2, 'true', '3', 2.15, 3.67, 2.1),
(99, 'Grilled Chicken', 5.96, 'Seasoned and grilled.', 4, 'true', '3', 4.39, 0.91, 1.2),
(100, 'Shore Dinner', 3.5, 'Mild fresh water fillet fried light and crisp. Served with a small lodge salad and vegetable.', 2, 'true', '2', 3.25, 2.83, 4.38),
(101, 'Lime Grilled Salmon', 10.1, 'Lightly seasoned with olive oil, charcoal broiled and basted with lime zest. Served with a small lodge salad and vegetable.', 1, 'true', '2', 3.59, 4.83, 3.55),
(102, 'Blackened Tilapia', 8.51, 'Flash broiled with tasty blackening spices. Served with a small lodge salad and vegetable.', 1, 'true', '3', 3.24, 0.65, 3.34),
(103, 'Tendersweet Clams', 1.78, 'Fried clam platter with seafood sauce. Served with a small lodge salad and vegetable.', 2, 'true', '1', 0.03, 4.82, 4.39),
(104, 'Frog Legs', 4.3, 'Fresh farm raised frog legs with house seasoning. Served with a small lodge salad and vegetable.', 1, 'true', '1', 2.59, 4.68, 0.92),
(105, 'Yellowstone Walleye', 5.69, 'Served with a small lodge salad and vegetable.', 3, 'true', '2', 0.36, 3.93, 3.85),
(106, 'Grilled Grouper', 5.04, 'Served with a small lodge salad and vegetable.', 2, 'true', '2', 2.56, 1.23, 3.37),
(107, 'Hamburger', 8.14, 'Lean Iowa beef. Served with a pickle and choice of side.', 1, 'true', '1', 3.34, 1.69, 3.33),
(108, 'World Record Burger', 4.58, 'A giant burger on toasted kaiser roll. Served with a pickle and choice of side.', 2, 'true', '3', 1.75, 3.67, 3.27),
(109, 'Cheddar Burger', 8.98, 'Charcoal broiled and topped with sharp cheddar cheese. Served with a pickle and choice of side.', 2, 'true', '1', 0.42, 2.08, 4.22),
(110, 'Lazy River Burger', 10.13, 'Country bacon and sharp cheddar. Served with a pickle and choice of side.', 4, 'true', '2', 0.16, 2.85, 3.96),
(111, 'Cajun Burger', 2.75, 'Cajun-spiced and topped with pepper jack cheese on toasted kaiser roll. Served with a pickle and choice of side.', 2, 'true', '2', 1.44, 0.19, 1.54),
(112, 'Fresh Mushroom and Swiss Burger', 4.33, 'Fresh sauteed mushrooms piled high. Served with a pickle and choice of side.', 4, 'true', '2', 2.2, 1.47, 0.75),
(113, 'Country Bacon and Bleu', 2.9, 'Charcoal broiled with toasted bleu cheese crumbles. Served with a pickle and choice of side.', 2, 'true', '2', 4.22, 4.17, 3.24),
(114, 'Thunderbird Chicken Sandwich', 1.51, 'Blackened chicken breast with pepper jack cheese. Served with a pickle and choice of side.', 1, 'true', '3', 3.71, 3.91, 3.51),
(115, 'Grilled Chicken Club Sandwich', 9.32, 'Grilled chicken breast with Swiss cheese and country bacon on toasted big load sourdough. Served with a pickle and choice of side.', 2, 'true', '3', 0.9, 3.78, 1.49),
(116, 'Rib Eye Steak Sandwich', 0.09, '8 oz. hand-cut ribeye on toasted hoagie. Served with a pickle and choice of side.', 3, 'true', '3', 0.98, 0.43, 4.1),
(117, 'Buffalo Chicken Sandwich', 3.94, 'Fried chicken breast strips tossed with Buffalo sauce and baked with cheddar cheese. Served with a pickle and choice of side.', 2, 'true', '3', 4.51, 0.42, 3.25),
(118, 'Shore Lunch Sandwich', 8.94, 'Yellowstone fillet. Served with a pickle and choice of side.', 1, 'true', '1', 0.31, 1.6, 2.13),
(119, 'Grilled Tilapia Sandwich', 1.4, 'Generous charcoal broiled fillet. Served with a pickle and choice of side.', 3, 'true', '2', 0.96, 3.29, 3.74),
(120, 'Yellowstone Walleye Sandwich', 1.17, 'Served with a pickle and choice of side.', 1, 'true', '1', 3.95, 3.62, 1.33),
(121, 'Pano Grouper Sandwich', 1.61, 'Served with a pickle and choice of side.', 1, 'true', '3', 0.7, 4.4, 0.28),
(122, 'Small Pizza Special', 4.56, '6 slices with premium mozzarella cheese and 1 topping.', 3, 'true', '1', 2.87, 3.72, 0.19),
(123, '4-Corner Pizza Special', 7.45, '4 slices with premium mozzarella cheese and 1 topping.', 1, 'true', '3', 4.47, 2.19, 2.41),
(124, 'Medium Pizza Special', 2.59, '8 slices with premium mozzarella cheese and 1 topping on hand-tossed round crust.', 1, 'true', '3', 0.57, 0.51, 0.84),
(125, 'Large Pizza Special', 1.1, '10 slices with premium mozzarella cheese and 1 topping.', 2, 'true', '3', 2.67, 1.02, 1.98),
(126, '8-Corner Pizza Special', 8.18, '8 slices with premium mozzarella cheese and 1 topping in a deep-dish crust.', 2, 'true', '1', 1.94, 3.74, 3.09),
(127, 'Extra Large Pizza Special', 6.15, '15 slices with premium mozzarella cheese and 1 topping in a deep-dish crust.', 1, 'true', '2', 4.19, 1.9, 1.79),
(128, 'Party Tray Pizza Special', 6.18, '30 pieces with premium mozzarella cheese in a deep-dish crust.', 2, 'true', '3', 3.25, 1.06, 0.44),
(129, 'Bold Fold Pizza Special', 1.95, '6 slices made with our NY-style crust, premium mozzarella cheese, and bold pepperoni.', 2, 'true', '1', 3.93, 3.6, 1.3),
(130, 'Monday Special', 1.69, 'Large pizza. 10 slices with premium mozzarella cheese and 1 topping.', 3, 'true', '2', 0.58, 3.92, 3.13),
(131, 'Deep Dish Duo Pizza Special', 2.58, 'Small pizza with premium mozzarella and 1 topping plus an order of our deep dish bread. Includes pizza sauce.', 4, 'true', '1', 3.86, 0.14, 3.78),
(132, 'Antipasto Salad', 7.81, 'Lettuce, ham, salami, premium mozzarella, tomatoes and black olives.', 3, 'true', '2', 3.77, 2.59, 1.66),
(133, 'Garden Salad', 10.33, 'Lettuce, cheddar, tomatoes, red onions, green peppers and black olives.', 4, 'true', '2', 0.51, 2.44, 0.88),
(134, 'Greek Salad', 7.24, 'Lettuce, feta, beets, tomatoes, Greek olives, red onions and pepperoncini.', 4, 'true', '3', 1.97, 2.29, 0.64),
(135, 'Caesar Salad', 5.18, 'Lettuce, grape tomatoes, shredded Parmesan and croutons.', 4, 'true', '1', 1.21, 4.12, 2.25),
(136, 'Buffalo Chicken Salad', 4.17, 'Lettuce, boneless chicken, cheddar cheese, tomato, and red onions.', 4, 'true', '1', 3.78, 2.36, 0.46),
(137, 'Chicken Caesar Salad', 5.32, 'Lettuce, grilled chicken, tomatoes, shredded Parmesan cheese, and croutons.', 2, 'true', '3', 0.1, 4.01, 0.15),
(138, 'Jet\'s Boat', 3.57, 'Freshly baked pizza dough stuffed with premium mozzarella, pizza sauce and your favorite pizza toppings, topped with butter and Romano cheese.', 2, 'true', '1', 3.42, 1.92, 4.25),
(139, '8\" Italian Deli Boat', 1.9, 'Freshly-baked pizza dough stuffed with deli ingredients, then topped with butter and Romano. Served with a side of Italian dressing.', 2, 'true', '3', 0.76, 0.85, 1.95),
(140, '8\" Ham and Cheese Deli Boat', 9.24, 'Freshly-baked pizza dough stuffed with deli ingredients, then topped with butter and Romano. Served with a side of Italian dressing.', 1, 'true', '2', 2.31, 0.76, 1.77),
(141, '8\" Veggie Deli Boat', 9.05, 'Freshly-baked pizza dough stuffed with deli ingredients, then topped with butter and Romano. Served with a side of Italian dressing.', 2, 'true', '1', 1.67, 3.04, 0.39),
(142, '8\" Grilled Chicken Deli Boat', 7.02, 'Freshly-baked pizza dough stuffed with deli ingredients, then topped with butter and Romano. Served with a side of Italian dressing.', 2, 'true', '1', 2.59, 2, 2.2),
(143, '8\" Steak and Cheese Deli Boat', 7.94, 'Freshly-baked pizza dough stuffed with deli ingredients, then topped with butter and Romano. Served with a side of Italian dressing.', 3, 'true', '2', 0.09, 3.62, 3.15),
(144, '8\" Tuna Deli Boat', 8.15, 'Freshly-baked pizza dough stuffed with deli ingredients, then topped with butter and Romano.', 3, 'true', '1', 4.86, 0.17, 0.93),
(145, '8\" Italian Sub', 6.42, 'Ham, salami, provolone, lettuce and tomatoes served with a side of Italian dressing.', 4, 'true', '1', 4.12, 3.12, 3.23),
(146, '8\" Ham and Cheese Sub', 7.63, 'Ham, provolone, lettuce and tomatoes served with a side of Italian dressing.', 1, 'true', '2', 1.86, 4.51, 2.25),
(147, '8\" Veggie Sub', 8.41, 'Provolone, onions, green peppers, mushrooms, lettuce, tomatoes and black olives served with a side of Italian dressing.', 1, 'true', '1', 2.6, 1.34, 3.81),
(148, '8\" Grilled Chicken Sub', 8.65, 'Grilled chicken breast, provolone, lettuce and tomatoes served with a side of Italian dressing.', 4, 'true', '3', 0.3, 4.78, 3.38),
(149, '8\" Chicken Parmesan Sub', 7.51, 'Grilled chicken breast, premium mozzarella and pizza sauce and topped with shredded Parmesan.', 2, 'true', '3', 2.55, 2.6, 0.46),
(150, '8\" Meatball Sub', 1.12, 'Italian meatballs, premium mozzarella and pizza sauce.', 4, 'true', '1', 4.28, 0.4, 3.86),
(151, '8\" Pizza Sub', 4.01, 'Pepperoni, ham, premium mozzarella, mushrooms and pizza sauce.', 4, 'true', '1', 3.38, 0.43, 1.8),
(152, '8\" Steak and Cheese Sub', 6.22, 'Steak, provolone, lettuce and tomatoes. Served with a side of Italian dressing.', 2, 'true', '2', 2.8, 3.68, 0.19),
(153, '8\" Tuna Sub', 8.54, 'Albacore tuna, provolone cheese, lettuce, tomato, and mayo.', 1, 'true', '2', 4.6, 2.81, 0.27),
(154, 'Cheese Ravioli', 3.06, '10 pieces of toasted ravioli topped with herbs and spices and served with a side of pizza sauce.', 4, 'true', '2', 2.68, 2.81, 1.07),
(155, 'Meat Ravioli', 0.18, '10 pieces of toasted ravioli topped with herbs and spices and served with a side of pizza sauce.', 2, 'true', '3', 1.84, 1.08, 4.75),
(156, 'Small Pizza', 2.2, '6 slices with premium mozzarella cheese.', 4, 'true', '3', 0.9, 0.04, 2.39),
(157, 'Medium Pizza', 10.46, '8 slices with premium mozzarella cheese on hand-tossed round crust.', 4, 'true', '3', 2, 2.85, 3.32),
(158, 'Large Pizza', 3.71, '10 slices with premium mozzarella cheese.', 3, 'true', '1', 3.15, 0.88, 4.76),
(159, 'X-Large Pizza', 8.14, '15 slices with premium mozzarella cheese in a deep-dish crust.', 3, 'true', '1', 1.53, 3.16, 1.41),
(160, 'Party Tray Pizza', 8.6, '30 pieces with premium mozzarella cheese in a deep-dish crust.', 3, 'true', '2', 2.46, 3.16, 3.49),
(161, '4-Corner Pizza', 8.06, '4 slices with premium mozzarella cheese.', 3, 'true', '2', 3.08, 4.9, 0.54),
(162, '8-Corner Pizza', 4, '8 slices with premium mozzarella cheese in a deep-dish crust.', 1, 'true', '1', 2.71, 2.12, 2.46),
(163, 'Deep Dish Duo Pizza', 6.31, 'Small pizza with premium mozzarella and an order of our deep dish bread. Includes pizza sauce.', 2, 'true', '2', 1.04, 2.68, 0.5),
(164, 'Bold Fold Pizza', 9.03, '6 slices made with our NY-style crust, premium mozzarella cheese, and bold pepperoni.', 3, 'true', '1', 4.23, 0.04, 2.2),
(165, 'Gluten-Free Pizza', 5.24, '6 slices with premium mozzarella cheese and 1 topping.', 3, 'true', '2', 1.08, 3.69, 0.5),
(166, 'Aloha BBQ Chicken Pizza', 9.59, 'Premium mozzarella cheese, grilled chicken, pineapple, bacon, and BBQ sauce.', 4, 'true', '2', 1.24, 4.66, 4.88),
(167, 'BBQ Chicken Pizza', 0.75, 'Premium mozzarella, grilled chicken, bacon, red onions and BBQ sauce.', 1, 'true', '3', 0.62, 3.14, 4.02),
(168, 'Chicken Parmesan Pizza', 6.43, 'Premium mozzarella, grilled chicken, tomatoes and shredded Parmesan.', 3, 'true', '2', 0.88, 2.12, 3.03),
(169, 'BLT Pizza', 8.9, 'Premium mozzarella, bacon, lettuce, tomatoes and mayo.', 4, 'true', '2', 3.92, 0.68, 1.44),
(170, 'Hawaiian Pizza', 4.23, 'Premium mozzarella, ham, bacon and pineapple.', 2, 'true', '1', 0.24, 1.77, 3.23),
(171, 'Meatball Supremo', 4.93, 'Premium mozzarella cheese, meatballs, pepperoni, and mild peppers.', 1, 'true', '1', 1.02, 0.3, 3.33),
(172, 'Super Special Pizza', 1.48, 'Premium mozzarella, pepperoni, ham, mushrooms, onions and green peppers.', 2, 'true', '1', 1.05, 0.15, 2.48),
(173, 'All Meaty Pizza', 3.07, 'Premium mozzarella, pepperoni, ham, bacon, Italian sausage and hamburger.', 2, 'true', '1', 2.13, 3.19, 4.66),
(174, 'Veggie Pizza', 0.43, 'Premium mozzarella, mushrooms, onions, green peppers, black olives and tomatoes.', 2, 'true', '1', 3.93, 0.77, 1.84),
(175, 'Buffalo Ranch Chicken Pizza', 3.43, 'Made with our famous ranch dressing, premium mozzarella cheese, grilled chicken, bacon, and red onions, then topped with hot sauce.', 4, 'true', '2', 1.98, 4.39, 1.27),
(176, 'Eugene Supreme Pizza', 5.34, 'Premium mozzarella cheese, Italian sausage, onions, green peppers, and mild peppers.', 4, 'true', '3', 2.98, 1.29, 2.37),
(177, 'Jet 10 Pizza', 5.92, 'Premium mozzarella, pepperoni, ham, hamburger, Italian sausage, bacon, mushrooms, onions, green peppers and black olives.', 1, 'true', '1', 3.11, 3.5, 3.27),
(178, 'Jetstix', 3.06, '12 pieces of freshly-baked bread topped with butter, garlic and Romano cheese. Includes your choice of dipping sauce.', 1, 'true', '1', 0.92, 4.61, 0.68),
(179, 'Original Jet\'s Bread', 8.05, '12 pieces of freshly-baked bread with mozzarella and cheddar cheese, topped with butter, garlic and Romano cheese. Includes your choice of dipping sauce.', 3, 'true', '1', 4.27, 4.6, 0.36),
(180, 'Deep Dish Bread', 10.06, '12 pieces of freshly-baked bread cooked deep dish-style with mozzarella and cheddar cheese. Topped with butter, garlic and Romano cheese. Includes pizza sauce.', 4, 'true', '3', 2.69, 2.56, 4.72),
(181, 'Jet\'s Triple Cheese Turbo Stix', 5.14, '12 pieces of freshly-baked bread with mozzarella and cheddar cheese, topped with butter, garlic and Romano cheese. Includes pizza sauce.', 3, 'true', '1', 1.22, 1.71, 4.88);

-- --------------------------------------------------------

--
-- Table structure for table `FOOD_REVIEWS`
--

DROP TABLE IF EXISTS `FOOD_REVIEWS`;
CREATE TABLE `FOOD_REVIEWS` (
  `REVIEW_ID` int(10) NOT NULL,
  `FOOD_ID` int(10) NOT NULL,
  `USER_ID` int(10) NOT NULL,
  `RATING` float DEFAULT NULL,
  `REVIEW` varchar(250) DEFAULT NULL,
  `HEALTHY` float DEFAULT NULL,
  `FILLING` float DEFAULT NULL
) ENGINE=InnoDB DEFAULT CHARSET=utf8mb4;

--
-- Dumping data for table `FOOD_REVIEWS`
--

INSERT INTO `FOOD_REVIEWS` (`REVIEW_ID`, `FOOD_ID`, `USER_ID`, `RATING`, `REVIEW`, `HEALTHY`, `FILLING`) VALUES
(1, 1, 1, 1.7, 'I like the pizza', 4, 1.2),
(2, 1, 2, 4.5, 'I  liked it', 2, 3),
(3, 1, 1, 4.5, 'Good pizza', NULL, NULL),
(4, 1, 1, 1, 'jfdkljafkdljak;fdafa', NULL, NULL),
(5, 1, 1, 3, 'This is my rewview', NULL, NULL),
(6, 1, 1, 2.5, '', NULL, NULL),
(7, 1, 1, 1, '', NULL, NULL),
(8, 1, 1, 0, '', NULL, NULL),
(9, 1, 1, 0, '', NULL, NULL),
(10, 1, 1, 1.5, '', NULL, NULL),
(11, 1, 1, 2.5, '', NULL, NULL),
(12, 1, 1, 2.5, '', 2.5, 2.5),
(13, 1, 1, 2.5, '', 2.5, 2.5),
(14, 1, 1, 2.5, '', NULL, NULL),
(15, 1, 1, 2.5, '', NULL, NULL),
(16, 1, 1, 2.25, 'fa', NULL, NULL),
(17, 2, 1, 0.75, 'Very big cake, but I don\'t like it', NULL, NULL),
(18, 1, 1, 3.75, 'Review test', NULL, NULL),
(19, 71, 1, 2.5, 'I love this pizza', NULL, NULL);

-- --------------------------------------------------------

--
-- Table structure for table `IMAGES`
--

DROP TABLE IF EXISTS `IMAGES`;
CREATE TABLE `IMAGES` (
  `IMAGE_ID` int(10) NOT NULL,
  `ENTITY_ID` int(10) DEFAULT NULL,
  `ENTITY_TYPE` varchar(250) NOT NULL,
  `IMAGE_NAME` varchar(250) DEFAULT NULL
) ENGINE=InnoDB DEFAULT CHARSET=utf8mb4;

--
-- Dumping data for table `IMAGES`
--

INSERT INTO `IMAGES` (`IMAGE_ID`, `ENTITY_ID`, `ENTITY_TYPE`, `IMAGE_NAME`) VALUES
(1, 1, 'FOOD', '1.jpg'),
(2, 2, 'FOOD', '2.jpg'),
(3, 3, 'FOOD', '3.jpg'),
(4, 4, 'FOOD', '4.jpg'),
(5, 5, 'FOOD', '5.jpg'),
(6, 6, 'FOOD', '6.jpg'),
(7, 7, 'FOOD', '7.jpg'),
(8, 8, 'FOOD', '8.jpg'),
(9, 9, 'FOOD', '9.jpg'),
(10, 10, 'FOOD', '10.jpg'),
(11, 11, 'FOOD', '11.jpg'),
(12, 12, 'FOOD', '12.jpg'),
(13, 13, 'FOOD', '13.jpg'),
(14, 14, 'FOOD', '14.jpg'),
(15, 15, 'FOOD', '15.jpg'),
(16, 16, 'FOOD', '16.jpg'),
(17, 17, 'FOOD', '17.jpg'),
(18, 18, 'FOOD', '18.jpg'),
(19, 19, 'FOOD', '19.jpg'),
(20, 20, 'FOOD', '20.jpg'),
(21, 21, 'FOOD', '21.jpg'),
(22, 22, 'FOOD', '22.jpg'),
(23, 23, 'FOOD', '23.jpg'),
(24, 24, 'FOOD', '24.jpg'),
(25, 25, 'FOOD', '25.jpg'),
(26, 26, 'FOOD', '26.jpg'),
(27, 27, 'FOOD', '27.jpg'),
(28, 28, 'FOOD', '28.jpg'),
(29, 29, 'FOOD', '29.jpg'),
(30, 30, 'FOOD', '30.jpg'),
(31, 31, 'FOOD', '31.jpg'),
(32, 32, 'FOOD', '32.jpg'),
(33, 33, 'FOOD', '33.jpg'),
(34, 34, 'FOOD', '34.jpg'),
(35, 35, 'FOOD', '35.jpg'),
(36, 36, 'FOOD', '36.jpg'),
(37, 37, 'FOOD', '37.jpg'),
(38, 38, 'FOOD', '38.jpg'),
(39, 39, 'FOOD', '39.jpg'),
(40, 40, 'FOOD', '40.jpg'),
(41, 41, 'FOOD', '41.jpg'),
(42, 42, 'FOOD', '42.jpg'),
(43, 43, 'FOOD', '43.jpg'),
(44, 44, 'FOOD', '44.jpg'),
(45, 45, 'FOOD', '45.jpg'),
(46, 46, 'FOOD', '46.jpg'),
(47, 47, 'FOOD', '47.jpg'),
(48, 48, 'FOOD', '48.jpg'),
(49, 49, 'FOOD', '49.jpg'),
(50, 50, 'FOOD', '50.jpg'),
(51, 51, 'FOOD', '51.jpg'),
(52, 52, 'FOOD', '52.jpg'),
(53, 53, 'FOOD', '53.jpg'),
(54, 54, 'FOOD', '54.jpg'),
(55, 55, 'FOOD', '55.jpg'),
(56, 56, 'FOOD', '56.jpg'),
(57, 57, 'FOOD', '57.jpg'),
(58, 58, 'FOOD', '58.jpg'),
(59, 59, 'FOOD', '59.jpg'),
(60, 60, 'FOOD', '60.jpg'),
(61, 61, 'FOOD', '61.jpg'),
(62, 62, 'FOOD', '62.jpg'),
(63, 63, 'FOOD', '63.jpg'),
(64, 64, 'FOOD', '64.jpg'),
(65, 65, 'FOOD', '65.jpg'),
(66, 66, 'FOOD', '66.jpg'),
(67, 67, 'FOOD', '67.jpg'),
(68, 68, 'FOOD', '68.jpg'),
(69, 69, 'FOOD', '69.jpg'),
(70, 70, 'FOOD', '70.jpg'),
(71, 71, 'FOOD', '71.jpg'),
(72, 72, 'FOOD', '72.jpg'),
(73, 73, 'FOOD', '73.jpg'),
(74, 74, 'FOOD', '74.jpg'),
(75, 75, 'FOOD', '75.jpg'),
(76, 76, 'FOOD', '76.jpg'),
(77, 77, 'FOOD', '77.jpg'),
(78, 78, 'FOOD', '78.jpg'),
(79, 79, 'FOOD', '79.jpg'),
(80, 80, 'FOOD', '80.jpg'),
(81, 81, 'FOOD', '81.jpg'),
(82, 82, 'FOOD', '82.jpg'),
(83, 83, 'FOOD', '83.jpg'),
(84, 84, 'FOOD', '84.jpg'),
(85, 85, 'FOOD', '85.jpg'),
(86, 86, 'FOOD', '86.jpg'),
(87, 87, 'FOOD', '87.jpg'),
(88, 88, 'FOOD', '88.jpg'),
(89, 89, 'FOOD', '89.jpg'),
(90, 90, 'FOOD', '90.jpg'),
(91, 91, 'FOOD', '91.jpg'),
(92, 92, 'FOOD', '92.jpg'),
(93, 93, 'FOOD', '93.jpg'),
(94, 94, 'FOOD', '94.jpg'),
(95, 95, 'FOOD', '95.jpg'),
(96, 96, 'FOOD', '96.jpg'),
(97, 97, 'FOOD', '97.jpg'),
(98, 98, 'FOOD', '98.jpg'),
(99, 99, 'FOOD', '99.jpg'),
(100, 100, 'FOOD', '100.jpg'),
(101, 101, 'FOOD', '101.jpg'),
(102, 102, 'FOOD', '102.jpg'),
(103, 103, 'FOOD', '103.jpg'),
(104, 104, 'FOOD', '104.jpg'),
(105, 105, 'FOOD', '105.jpg'),
(106, 106, 'FOOD', '106.jpg'),
(107, 107, 'FOOD', '107.jpg'),
(108, 108, 'FOOD', '108.jpg'),
(109, 109, 'FOOD', '109.jpg'),
(110, 110, 'FOOD', '110.jpg'),
(111, 111, 'FOOD', '111.jpg'),
(112, 112, 'FOOD', '112.jpg'),
(113, 113, 'FOOD', '113.jpg'),
(114, 114, 'FOOD', '114.jpg'),
(115, 115, 'FOOD', '115.jpg'),
(116, 116, 'FOOD', '116.jpg'),
(117, 117, 'FOOD', '117.jpg'),
(118, 118, 'FOOD', '118.jpg'),
(119, 119, 'FOOD', '119.jpg'),
(120, 120, 'FOOD', '120.jpg'),
(121, 121, 'FOOD', '121.jpg'),
(122, 122, 'FOOD', '122.jpg'),
(123, 123, 'FOOD', '123.jpg'),
(124, 124, 'FOOD', '124.jpg'),
(125, 125, 'FOOD', '125.jpg'),
(126, 126, 'FOOD', '126.jpg'),
(127, 127, 'FOOD', '127.jpg'),
(128, 128, 'FOOD', '128.jpg'),
(129, 129, 'FOOD', '129.jpg'),
(130, 130, 'FOOD', '130.jpg'),
(131, 131, 'FOOD', '131.jpg'),
(132, 132, 'FOOD', '132.jpg'),
(133, 133, 'FOOD', '133.jpg'),
(134, 134, 'FOOD', '134.jpg'),
(135, 135, 'FOOD', '135.jpg'),
(136, 136, 'FOOD', '136.jpg'),
(137, 137, 'FOOD', '137.jpg'),
(138, 138, 'FOOD', '138.jpg'),
(139, 139, 'FOOD', '139.jpg'),
(140, 140, 'FOOD', '140.jpg'),
(141, 141, 'FOOD', '141.jpg'),
(142, 142, 'FOOD', '142.jpg'),
(143, 143, 'FOOD', '143.jpg'),
(144, 144, 'FOOD', '144.jpg'),
(145, 145, 'FOOD', '145.jpg'),
(146, 146, 'FOOD', '146.jpg'),
(147, 147, 'FOOD', '147.jpg'),
(148, 148, 'FOOD', '148.jpg'),
(149, 149, 'FOOD', '149.jpg'),
(150, 150, 'FOOD', '150.jpg'),
(151, 151, 'FOOD', '151.jpg'),
(152, 152, 'FOOD', '152.jpg'),
(153, 153, 'FOOD', '153.jpg'),
(154, 154, 'FOOD', '154.jpg'),
(155, 155, 'FOOD', '155.jpg'),
(156, 156, 'FOOD', '156.jpg'),
(157, 157, 'FOOD', '157.jpg'),
(158, 158, 'FOOD', '158.jpg'),
(159, 159, 'FOOD', '159.jpg'),
(160, 160, 'FOOD', '160.jpg'),
(161, 161, 'FOOD', '161.jpg'),
(162, 162, 'FOOD', '162.jpg'),
(163, 163, 'FOOD', '163.jpg'),
(164, 164, 'FOOD', '164.jpg'),
(165, 165, 'FOOD', '165.jpg'),
(166, 166, 'FOOD', '166.jpg'),
(167, 167, 'FOOD', '167.jpg'),
(168, 168, 'FOOD', '168.jpg'),
(169, 169, 'FOOD', '169.jpg'),
(170, 170, 'FOOD', '170.jpg'),
(171, 171, 'FOOD', '171.jpg'),
(172, 172, 'FOOD', '172.jpg'),
(173, 173, 'FOOD', '173.jpg'),
(174, 174, 'FOOD', '174.jpg'),
(175, 175, 'FOOD', '175.jpg'),
(176, 176, 'FOOD', '176.jpg'),
(177, 177, 'FOOD', '177.jpg'),
(178, 178, 'FOOD', '178.jpg'),
(179, 179, 'FOOD', '179.jpg'),
(180, 180, 'FOOD', '180.jpg'),
(181, 181, 'FOOD', '181.jpg');

-- --------------------------------------------------------

--
-- Table structure for table `MANAGER`
--

DROP TABLE IF EXISTS `MANAGER`;
CREATE TABLE `MANAGER` (
  `MANAGER_ID` int(10) NOT NULL,
  `NAME` varchar(250) NOT NULL,
  `SURNAME` varchar(250) NOT NULL,
  `EMAIL` varchar(250) NOT NULL,
  `PASSWORD` varchar(250) DEFAULT NULL,
  `GOOGLE_LOGIN` varchar(250) NOT NULL
) ENGINE=InnoDB DEFAULT CHARSET=utf8mb4;

--
-- Dumping data for table `MANAGER`
--

INSERT INTO `MANAGER` (`MANAGER_ID`, `NAME`, `SURNAME`, `EMAIL`, `PASSWORD`, `GOOGLE_LOGIN`) VALUES
(1, 'Harsh ', 'Patel', 'harsh@email', '$2y$10$R6Ejsr0z/0CGBonoqWbC2eaQV8qSC.w5Uckub1ASJ7Pq6ITQaSlsy', ''),
(2, 'Jaydip', 'Magan', 'magan@email', '$2y$10$sVP1IP4jGmAZP.89VSfVqe/bq/YK1mEhSNmsBvY8kH4r1h8mmVI6K', ''),
(3, 'Anjali', 'Shukla', 'anjali@email', '$2y$10$u89SrYbgAYQ5dxRsOt5bNu.b0eJmW9thexeMQKYTVz8wtNbQfNnr2', ''),
(4, 'Hammad', 'Muhammad', 'hammadmuhammad15@gmail.com', NULL, 'true');

-- --------------------------------------------------------

--
-- Table structure for table `NOTIFICATIONS`
--

DROP TABLE IF EXISTS `NOTIFICATIONS`;
CREATE TABLE `NOTIFICATIONS` (
  `NOTIFICATION_ID` int(10) NOT NULL,
  `TYPE` varchar(255) NOT NULL,
  `FROM_UID` int(10) NOT NULL,
  `TO_UID` int(10) NOT NULL,
  `MESSAGE` varchar(255) NOT NULL
) ENGINE=InnoDB DEFAULT CHARSET=utf8mb4;

--
-- Dumping data for table `NOTIFICATIONS`
--

INSERT INTO `NOTIFICATIONS` (`NOTIFICATION_ID`, `TYPE`, `FROM_UID`, `TO_UID`, `MESSAGE`) VALUES
(1, 'connection_request', 7, 1, 'Sup bro'),
(3, 'connection_request', 6, 1, 'I want to be friends');

-- --------------------------------------------------------

--
-- Table structure for table `RATINGS`
--

DROP TABLE IF EXISTS `RATINGS`;
CREATE TABLE `RATINGS` (
  `RATING_ID` int(10) NOT NULL,
  `USER_ID` int(10) NOT NULL,
  `FOOD_ID` int(10) NOT NULL,
  `RATING` float NOT NULL
) ENGINE=InnoDB DEFAULT CHARSET=utf8mb4;

--
-- Dumping data for table `RATINGS`
--

INSERT INTO `RATINGS` (`RATING_ID`, `USER_ID`, `FOOD_ID`, `RATING`) VALUES
(334, 1, 79, 0.56),
(335, 5, 161, 0.94),
(336, 4, 152, 1.77),
(337, 3, 35, 1.02),
(338, 5, 115, 4.02),
(339, 2, 43, 3.89),
(340, 3, 113, 2.64),
(341, 9, 59, 1.35),
(342, 5, 16, 1.49),
(343, 3, 44, 2.59),
(344, 10, 148, 2.23),
(345, 9, 113, 3.65),
(346, 9, 133, 1.59),
(347, 5, 177, 3.64),
(348, 8, 64, 3.21),
(349, 2, 152, 3.66),
(350, 2, 94, 0.8),
(351, 3, 141, 0.67),
(352, 4, 47, 1.49),
(353, 8, 125, 1.42),
(354, 4, 174, 3.55),
(355, 8, 43, 0.77),
(356, 1, 157, 0.66),
(357, 1, 167, 2.02),
(358, 3, 21, 3.83),
(359, 6, 29, 1.52),
(360, 1, 65, 3.13),
(361, 1, 74, 4.31),
(362, 2, 160, 0.68),
(363, 1, 131, 2.67),
(364, 6, 166, 0.37),
(365, 7, 155, 2.17),
(366, 7, 130, 3.8),
(367, 8, 181, 0.06),
(368, 1, 60, 2.15),
(369, 2, 95, 0.58),
(370, 1, 137, 3.52),
(371, 3, 36, 0.98),
(372, 5, 64, 2.97),
(373, 11, 148, 1.59),
(374, 2, 141, 2.2),
(375, 10, 10, 3.17),
(376, 1, 33, 4.19),
(377, 8, 141, 4.49),
(378, 2, 26, 1.05),
(379, 7, 88, 2.77),
(380, 4, 164, 2.89),
(381, 3, 34, 1.84),
(382, 4, 63, 4.26),
(383, 3, 104, 0.88),
(384, 2, 61, 0.77),
(385, 5, 59, 1.78),
(386, 9, 173, 1.8),
(387, 11, 110, 1.1),
(388, 4, 132, 3.96),
(389, 9, 101, 2.1),
(390, 5, 163, 0.94),
(391, 3, 128, 3.74),
(392, 7, 170, 3.83),
(393, 1, 148, 0.03),
(394, 7, 169, 4.47),
(395, 8, 119, 1.4),
(396, 5, 54, 1.03),
(397, 2, 11, 4.45),
(398, 3, 123, 2.92),
(399, 10, 126, 3.94),
(400, 10, 174, 0.95),
(401, 1, 151, 4.57),
(402, 1, 118, 0.03),
(403, 1, 77, 4.21),
(404, 11, 35, 0.59),
(405, 1, 139, 3.72),
(406, 5, 169, 1.75),
(407, 11, 138, 4.61),
(408, 4, 159, 1.92),
(409, 4, 59, 3.67),
(410, 8, 54, 1.86),
(411, 11, 141, 4.73),
(412, 5, 28, 2.78),
(413, 4, 179, 4.7),
(414, 9, 162, 1.18),
(415, 6, 146, 2.54),
(416, 2, 25, 1.38),
(417, 11, 8, 1.47),
(418, 4, 146, 0.11),
(419, 8, 68, 3.99),
(420, 10, 177, 1.24),
(421, 4, 154, 1.41),
(422, 10, 90, 4.36),
(423, 10, 138, 0.84),
(424, 7, 57, 4.37),
(425, 5, 100, 2.19),
(426, 7, 78, 2.46),
(427, 2, 75, 2.61),
(428, 5, 60, 2.57),
(429, 7, 63, 4.98),
(430, 11, 133, 4.15),
(431, 11, 51, 2.66),
(432, 10, 93, 0.47),
(433, 11, 75, 1.15),
(434, 11, 165, 3.93),
(435, 3, 121, 3.59),
(436, 7, 142, 0.7),
(437, 4, 71, 4.35),
(438, 2, 46, 3.76),
(439, 1, 135, 3.63),
(440, 5, 142, 3.66),
(441, 4, 69, 4.69),
(442, 7, 179, 1.28),
(443, 4, 151, 0.98),
(444, 6, 155, 4.01),
(445, 5, 151, 4.03),
(446, 6, 53, 4.11),
(447, 3, 138, 0.31),
(448, 1, 178, 4.06),
(449, 2, 19, 0.96),
(450, 8, 125, 2.46),
(451, 5, 84, 0.68),
(452, 4, 19, 3.01),
(453, 8, 132, 2.51),
(454, 4, 32, 4.34),
(455, 9, 85, 4.44),
(456, 1, 98, 2.8),
(457, 3, 55, 4.55),
(458, 8, 97, 3.59),
(459, 11, 138, 4.23),
(460, 11, 44, 1.65),
(461, 11, 123, 2.86),
(462, 10, 85, 4.09),
(463, 8, 5, 0.21),
(464, 2, 100, 1.67),
(465, 1, 23, 2.75),
(466, 5, 41, 0.01),
(467, 4, 120, 1.48),
(468, 6, 114, 3.19),
(469, 4, 105, 4.99),
(470, 3, 52, 3.28),
(471, 5, 27, 2.32),
(472, 10, 3, 2.08),
(473, 1, 176, 3.62),
(474, 8, 63, 3.13),
(475, 2, 106, 3.17),
(476, 5, 40, 4.1),
(477, 5, 140, 2.59),
(478, 4, 150, 1.46),
(479, 11, 16, 2.2),
(480, 11, 81, 1.77),
(481, 5, 29, 2.3),
(482, 10, 132, 0.84),
(483, 8, 148, 0.41),
(484, 11, 103, 4.68),
(485, 11, 27, 3.78),
(486, 4, 80, 0.88),
(487, 7, 47, 3.1),
(488, 4, 141, 4.46),
(489, 2, 180, 2.79),
(490, 9, 74, 2.9),
(491, 8, 121, 1.38),
(492, 5, 22, 2.17),
(493, 9, 137, 1.71),
(494, 5, 38, 3.46),
(495, 10, 24, 0.57),
(496, 3, 111, 2.36),
(497, 6, 49, 3.65),
(498, 10, 8, 3.34),
(499, 3, 17, 3.98),
(500, 8, 28, 3.2),
(501, 9, 143, 3.52),
(502, 2, 126, 4.95),
(503, 10, 65, 0.87),
(504, 9, 99, 1.38),
(505, 9, 170, 2.07),
(506, 3, 19, 3.47),
(507, 2, 140, 1.71),
(508, 5, 171, 2.69),
(509, 10, 127, 4.52),
(510, 5, 76, 4.03),
(511, 9, 86, 0.11),
(512, 8, 76, 0.01),
(513, 9, 140, 2.97),
(514, 8, 91, 2.6),
(515, 2, 179, 3),
(516, 1, 76, 4.79),
(517, 6, 147, 2.21),
(518, 9, 104, 2.62),
(519, 10, 168, 4.63),
(520, 10, 90, 4.61),
(521, 2, 148, 3.68),
(522, 3, 170, 4.96),
(523, 2, 140, 2.08),
(524, 9, 105, 2.95),
(525, 3, 59, 4.76),
(526, 9, 22, 1.04),
(527, 8, 146, 4.85),
(528, 5, 46, 4.81),
(529, 1, 73, 4.14),
(530, 11, 36, 0.86),
(531, 4, 156, 2.32),
(532, 9, 64, 2.49),
(533, 5, 129, 1.13),
(534, 1, 62, 3.4),
(535, 5, 160, 1.28),
(536, 7, 75, 0.76),
(537, 6, 31, 1.36),
(538, 10, 77, 2.85),
(539, 7, 40, 1.71),
(540, 1, 39, 4.58),
(541, 11, 179, 0.46),
(542, 6, 41, 3.1),
(543, 5, 48, 0.21),
(544, 5, 176, 2.96),
(545, 1, 89, 1.48),
(546, 1, 25, 3.33),
(547, 11, 111, 1.47),
(548, 8, 55, 3),
(549, 1, 117, 4.81),
(550, 10, 88, 3.95),
(551, 6, 24, 0.76),
(552, 5, 73, 4.41),
(553, 3, 78, 2.49),
(554, 3, 97, 0.24),
(555, 8, 10, 1.78),
(556, 7, 4, 1.23),
(557, 2, 21, 0.28),
(558, 11, 95, 3.93),
(559, 5, 90, 1.83),
(560, 4, 110, 4.97),
(561, 2, 149, 3.09),
(562, 7, 58, 3.42),
(563, 6, 49, 4.7),
(564, 10, 126, 3.78),
(565, 8, 44, 0.47),
(566, 9, 89, 0.84),
(567, 5, 77, 4.81),
(568, 6, 143, 1.72),
(569, 4, 133, 3),
(570, 9, 38, 3.11),
(571, 6, 112, 2.94),
(572, 2, 130, 1.38),
(573, 3, 73, 1.29),
(574, 2, 127, 1),
(575, 10, 169, 4.73),
(576, 11, 151, 1.79),
(577, 4, 73, 0.53),
(578, 4, 66, 4.04),
(579, 11, 63, 4.26),
(580, 3, 110, 1.65),
(581, 10, 30, 1.59),
(582, 2, 106, 2.93),
(583, 3, 32, 1.57),
(584, 1, 54, 1.72),
(585, 10, 22, 0.46),
(586, 2, 52, 0.48),
(587, 7, 146, 0.8),
(588, 5, 88, 1.25),
(589, 9, 37, 3.23),
(590, 7, 26, 4.31),
(591, 10, 155, 3.01),
(592, 5, 80, 4.22),
(593, 10, 181, 1.36),
(594, 5, 4, 4.98),
(595, 11, 111, 1.52),
(596, 8, 93, 2.52),
(597, 11, 72, 0.14),
(598, 11, 130, 3.47),
(599, 4, 96, 3.41),
(600, 10, 12, 4.24),
(601, 1, 133, 2.48),
(602, 4, 168, 3.86),
(603, 1, 24, 1.95),
(604, 7, 112, 2),
(605, 2, 104, 2),
(606, 4, 38, 1),
(607, 5, 49, 1.13),
(608, 4, 168, 3.36),
(609, 7, 162, 3.56),
(610, 10, 52, 3.86),
(611, 1, 131, 2.87),
(612, 8, 155, 0.64),
(613, 1, 176, 3.25),
(614, 4, 128, 2.62),
(615, 6, 179, 1.97),
(616, 1, 161, 2.02),
(617, 4, 98, 3.25),
(618, 7, 38, 0.74),
(619, 2, 22, 1.29),
(620, 11, 161, 3.15),
(621, 6, 105, 1.98),
(622, 3, 17, 3.5),
(623, 3, 179, 1.35),
(624, 5, 31, 3.24),
(625, 9, 137, 2.81),
(626, 6, 1, 2),
(627, 11, 136, 3.93),
(628, 8, 2, 0.15),
(629, 2, 96, 1.29),
(630, 8, 146, 4.33),
(631, 11, 4, 1.65),
(632, 7, 174, 0.09),
(633, 3, 5, 2.43),
(634, 4, 53, 2.02),
(635, 2, 94, 0.71),
(636, 2, 74, 2.62),
(637, 5, 85, 0.51),
(638, 2, 51, 0.24),
(639, 5, 157, 0.54),
(640, 11, 81, 1.78),
(641, 5, 36, 3.12),
(642, 6, 138, 1.16),
(643, 10, 120, 3.48),
(644, 6, 72, 2.39),
(645, 3, 110, 2.05),
(646, 3, 163, 4.12),
(647, 5, 113, 4.23),
(648, 5, 57, 2.26),
(649, 4, 48, 1.73),
(650, 11, 122, 2.64),
(651, 7, 101, 4.49),
(652, 10, 73, 2.71),
(653, 6, 167, 0.34),
(654, 7, 127, 3.79),
(655, 8, 34, 4.27),
(656, 8, 3, 4.59),
(657, 7, 181, 1.71),
(658, 8, 98, 2.77),
(659, 2, 24, 0.82),
(660, 5, 124, 0.52),
(661, 6, 14, 4.69),
(662, 6, 96, 1.14),
(663, 7, 23, 4.65),
(664, 4, 115, 1.58),
(665, 8, 79, 0.69),
(666, 5, 94, 2.16),
(667, 7, 135, 4.42),
(668, 3, 60, 0.31),
(669, 4, 76, 0.64),
(670, 5, 99, 2.81),
(671, 2, 40, 2.76),
(672, 2, 152, 4.45),
(673, 11, 6, 1.68),
(674, 7, 168, 4.32),
(675, 6, 22, 4.83),
(676, 6, 86, 4.74),
(677, 4, 136, 3.92),
(678, 8, 5, 0.51),
(679, 5, 153, 4.67),
(680, 2, 156, 4.55),
(681, 11, 22, 3.39),
(682, 1, 26, 3.04),
(683, 7, 44, 1.77),
(684, 1, 40, 4.56),
(685, 11, 150, 2.02),
(686, 6, 80, 3.08),
(687, 9, 169, 1.96),
(688, 2, 118, 3.78),
(689, 10, 158, 4.38),
(690, 9, 35, 3.37),
(691, 9, 167, 1.19),
(692, 5, 78, 4.3),
(693, 1, 89, 1.97),
(694, 6, 67, 1.52),
(695, 5, 35, 3.4),
(696, 10, 28, 1.26),
(697, 9, 45, 4.08),
(698, 4, 54, 2.22),
(699, 4, 52, 2.29),
(700, 5, 143, 3.16),
(701, 9, 23, 1.07),
(702, 8, 150, 0.26),
(703, 9, 136, 1.95),
(704, 8, 73, 4.27),
(705, 1, 144, 3.74),
(706, 5, 106, 4.11),
(707, 4, 61, 2.96),
(708, 11, 3, 0.93),
(709, 10, 165, 4.31),
(710, 7, 63, 4.82),
(711, 9, 10, 4.48),
(712, 4, 167, 3.16),
(713, 5, 20, 1.64),
(714, 4, 117, 1.18),
(715, 3, 102, 0.22),
(716, 6, 98, 0.49),
(717, 10, 12, 3.49),
(718, 4, 76, 0.89),
(719, 8, 122, 2.17),
(720, 2, 85, 4.36),
(721, 11, 36, 0.5),
(722, 10, 44, 2.43),
(723, 8, 8, 0.56),
(724, 5, 150, 4.15),
(725, 8, 161, 2.02),
(726, 4, 106, 4.18),
(727, 5, 117, 4.59),
(728, 8, 105, 4.4),
(729, 8, 134, 3.3),
(730, 1, 82, 5),
(731, 8, 39, 0.74),
(732, 2, 5, 4.27),
(733, 3, 69, 1.66),
(734, 6, 108, 2.12),
(735, 4, 71, 4.72),
(736, 7, 171, 0.21),
(737, 5, 148, 4.52),
(738, 1, 126, 1.12),
(739, 1, 95, 2.49),
(740, 11, 19, 3.74),
(741, 5, 171, 1.94),
(742, 2, 81, 4.31),
(743, 11, 50, 2.27),
(744, 5, 157, 4.95),
(745, 4, 150, 0.2),
(746, 9, 95, 2.15),
(747, 7, 113, 1.81),
(748, 11, 112, 1.35),
(749, 6, 122, 4.38),
(750, 5, 34, 4.24),
(751, 8, 152, 0.82),
(752, 4, 3, 0.88),
(753, 10, 117, 3.62),
(754, 8, 44, 0.77),
(755, 1, 144, 4.08),
(756, 8, 8, 0.54),
(757, 5, 137, 2.67),
(758, 5, 73, 3.96),
(759, 9, 79, 4.39),
(760, 1, 149, 4.13),
(761, 8, 160, 1.93),
(762, 4, 51, 2.68),
(763, 10, 112, 2.7),
(764, 10, 116, 3.23),
(765, 4, 113, 0.88),
(766, 1, 99, 3.37),
(767, 9, 120, 0.46),
(768, 6, 21, 0.67),
(769, 4, 44, 1.14),
(770, 5, 70, 3.41),
(771, 3, 41, 1.8),
(772, 2, 100, 1.85),
(773, 3, 161, 4.16),
(774, 6, 2, 2.75),
(775, 8, 174, 3.13),
(776, 3, 69, 0.72),
(777, 7, 90, 3.58),
(778, 2, 59, 1.69),
(779, 8, 101, 3.2),
(780, 6, 133, 0.3),
(781, 2, 65, 2.32),
(782, 3, 158, 3),
(783, 5, 21, 2.07),
(784, 9, 75, 4.33),
(785, 2, 163, 0.9),
(786, 3, 96, 0),
(787, 5, 17, 0.97),
(788, 8, 170, 2.89),
(789, 1, 114, 4.54),
(790, 8, 113, 0.51),
(791, 8, 166, 3.14),
(792, 5, 28, 2.74),
(793, 4, 135, 4.4),
(794, 2, 41, 3.02),
(795, 4, 168, 2.92),
(796, 2, 176, 2.02),
(797, 2, 73, 3.14),
(798, 11, 150, 1.46),
(799, 11, 15, 2.16),
(800, 11, 51, 3.29),
(801, 5, 48, 4.86),
(802, 1, 78, 4.69),
(803, 5, 38, 4.08),
(804, 6, 158, 4.8),
(805, 3, 14, 4.01),
(806, 9, 97, 1.46),
(807, 10, 83, 3.37),
(808, 1, 181, 4.94),
(809, 11, 131, 4.03),
(810, 10, 161, 4.21),
(811, 7, 44, 2.69),
(812, 11, 47, 1.78),
(813, 1, 2, 4.97),
(814, 11, 133, 4.19),
(815, 11, 82, 1.33),
(816, 11, 19, 2.86),
(817, 7, 12, 3.27),
(818, 1, 78, 4.5),
(819, 3, 69, 1.25),
(820, 2, 146, 3.48),
(821, 1, 39, 4.44),
(822, 9, 59, 1.13),
(823, 2, 20, 0.29),
(824, 11, 125, 2.61),
(825, 6, 29, 0.74),
(826, 4, 169, 4.12),
(827, 4, 33, 4.51),
(828, 11, 30, 4.51),
(829, 1, 70, 4.38),
(830, 3, 88, 3.71),
(831, 3, 17, 3.29),
(832, 1, 26, 3.23),
(833, 9, 14, 4.86),
(834, 7, 45, 1.6),
(835, 10, 73, 1.92),
(836, 8, 79, 0.1),
(837, 9, 170, 1.36),
(838, 7, 180, 1.42),
(839, 5, 59, 1.57),
(840, 7, 11, 2.4),
(841, 3, 131, 4.51),
(842, 4, 7, 0.65),
(843, 6, 61, 0.25),
(844, 3, 5, 2.16),
(845, 1, 14, 0.77),
(846, 7, 51, 3.74),
(847, 10, 49, 3.12),
(848, 4, 134, 3.56),
(849, 4, 116, 0.6),
(850, 8, 19, 2.17),
(851, 10, 2, 2.24),
(852, 3, 140, 0.96),
(853, 8, 115, 1.16),
(854, 3, 114, 1.66),
(855, 9, 167, 1.25),
(856, 6, 126, 4.98),
(857, 10, 97, 4.78),
(858, 2, 7, 3.22),
(859, 2, 108, 3.31),
(860, 6, 118, 3.29),
(861, 4, 137, 3.68),
(862, 5, 160, 0.76),
(863, 2, 23, 1.37),
(864, 11, 30, 4.11),
(865, 7, 119, 2.02),
(866, 1, 13, 0.86),
(867, 8, 139, 4.25),
(868, 11, 48, 2.1),
(869, 4, 58, 3.2),
(870, 3, 61, 4.59),
(871, 7, 33, 0.73),
(872, 2, 86, 4.06),
(873, 8, 146, 0.43),
(874, 1, 146, 4.95),
(875, 6, 129, 4.71),
(876, 7, 10, 2.7),
(877, 6, 17, 4.09),
(878, 10, 120, 4.12),
(879, 2, 47, 4.26),
(880, 6, 156, 4.19),
(881, 7, 107, 0.4),
(882, 8, 172, 4.15),
(883, 4, 5, 1.06),
(884, 11, 57, 2.94),
(885, 1, 52, 1.91),
(886, 1, 34, 3.59),
(887, 1, 6, 0.22),
(888, 2, 90, 0.52),
(889, 1, 151, 0.41),
(890, 11, 58, 4.27),
(891, 4, 180, 0.19),
(892, 3, 165, 4.66),
(893, 11, 160, 3),
(894, 4, 179, 4.29),
(895, 4, 15, 2.06),
(896, 10, 158, 4.37),
(897, 9, 38, 3.73),
(898, 2, 53, 0.7),
(899, 10, 129, 0.39),
(900, 3, 10, 2.42),
(901, 3, 160, 2.99),
(902, 4, 175, 3.83),
(903, 11, 68, 0.35),
(904, 3, 166, 4.5),
(905, 9, 13, 0.41),
(906, 3, 144, 1.67),
(907, 4, 86, 2.34),
(908, 11, 41, 1.76),
(909, 1, 68, 3.05),
(910, 11, 146, 1.2),
(911, 9, 39, 3.55),
(912, 10, 74, 1.51),
(913, 4, 106, 0.14),
(914, 5, 155, 0.52),
(915, 11, 92, 3.17),
(916, 8, 66, 4.25),
(917, 2, 48, 4.08),
(918, 4, 12, 2.1),
(919, 10, 43, 2.39),
(920, 8, 181, 4.68),
(921, 8, 112, 0.17),
(922, 4, 86, 2.1),
(923, 8, 26, 3.35),
(924, 11, 110, 1.28),
(925, 6, 104, 2.33),
(926, 7, 113, 1.48),
(927, 7, 35, 0.56),
(928, 11, 104, 4.62),
(929, 10, 129, 4.25),
(930, 2, 20, 0.73),
(931, 5, 104, 3.32),
(932, 7, 180, 0.81),
(933, 10, 128, 0.07),
(934, 11, 134, 4.04),
(935, 10, 133, 0.86),
(936, 8, 142, 4.63),
(937, 4, 122, 2.43),
(938, 5, 115, 4.55),
(939, 8, 95, 3.3),
(940, 9, 123, 0.92),
(941, 10, 166, 4.43),
(942, 8, 143, 4.3),
(943, 11, 24, 4.11),
(944, 8, 28, 2.97),
(945, 6, 141, 1.76),
(946, 5, 16, 0.74),
(947, 6, 170, 1.3),
(948, 6, 119, 4.05),
(949, 1, 180, 3.54),
(950, 7, 125, 3.82),
(951, 9, 80, 4.74),
(952, 5, 55, 1.08),
(953, 2, 42, 3.14),
(954, 5, 63, 1.97),
(955, 11, 87, 2.91),
(956, 6, 125, 4.92),
(957, 10, 59, 0.2),
(958, 3, 14, 3.31),
(959, 1, 78, 4.47),
(960, 2, 41, 2.92),
(961, 3, 82, 2.68),
(962, 4, 3, 0.48),
(963, 5, 162, 0.77),
(964, 2, 4, 4.01),
(965, 11, 67, 4.91),
(966, 9, 12, 4.58),
(967, 5, 31, 3.53),
(968, 1, 173, 3.6),
(969, 9, 103, 3.03),
(970, 4, 143, 4.88),
(971, 6, 117, 3.35),
(972, 5, 18, 1.05),
(973, 9, 37, 3.5),
(974, 10, 74, 1.6),
(975, 5, 179, 3.86),
(976, 10, 31, 0.73),
(977, 3, 128, 4.14),
(978, 1, 125, 1.73),
(979, 8, 48, 1.61),
(980, 10, 32, 1.95),
(981, 5, 174, 2.56),
(982, 8, 164, 2.23),
(983, 6, 53, 4.37),
(984, 6, 158, 4.26),
(985, 8, 125, 2.45),
(986, 5, 88, 1.22),
(987, 9, 25, 1.75),
(988, 4, 125, 2.03),
(989, 11, 108, 0.39),
(990, 7, 146, 0.98),
(991, 7, 46, 2.74),
(992, 11, 59, 3.15),
(993, 2, 2, 2.52),
(994, 6, 177, 1.88),
(995, 11, 123, 2.5),
(996, 6, 154, 4.16),
(997, 7, 105, 0.23),
(998, 6, 62, 1.02),
(999, 1, 75, 0.23),
(1000, 11, 152, 0.99),
(1001, 6, 145, 2.79),
(1002, 5, 55, 1.66),
(1003, 9, 132, 2.05),
(1004, 10, 19, 4.57),
(1005, 3, 101, 4.94),
(1006, 4, 84, 2.28),
(1007, 10, 14, 3.54),
(1008, 4, 81, 1.46),
(1009, 2, 129, 0.95),
(1010, 10, 101, 1.49),
(1011, 10, 45, 3.73),
(1012, 11, 132, 3.23),
(1013, 1, 61, 2.55),
(1014, 6, 36, 1.68),
(1015, 2, 88, 0.56),
(1016, 2, 47, 4.64),
(1017, 10, 103, 1.11),
(1018, 5, 70, 3.44),
(1019, 4, 71, 0.37),
(1020, 3, 143, 1.6),
(1021, 3, 50, 3.19),
(1022, 4, 160, 1.6),
(1023, 11, 157, 2.11),
(1024, 6, 61, 0.6),
(1025, 7, 110, 1.19),
(1026, 5, 34, 3.95),
(1027, 5, 107, 3.88),
(1028, 2, 42, 4.09),
(1029, 5, 96, 2.3),
(1030, 8, 30, 3.46),
(1031, 11, 141, 4.79),
(1032, 6, 85, 4.64),
(1033, 3, 75, 1.73),
(1034, 6, 74, 2.86),
(1035, 8, 86, 2.23),
(1036, 9, 132, 0.92),
(1037, 9, 31, 3.11),
(1038, 7, 23, 4.18),
(1039, 9, 89, 0.25),
(1040, 9, 137, 2.09),
(1041, 10, 169, 0.76),
(1042, 11, 65, 4.47),
(1043, 5, 60, 2.24),
(1044, 3, 158, 3.07),
(1045, 6, 89, 0.25),
(1046, 9, 135, 1.86),
(1047, 7, 10, 1.77),
(1048, 7, 4, 1.2),
(1049, 2, 4, 3.22),
(1050, 2, 166, 0.33),
(1051, 7, 131, 4.22),
(1052, 1, 146, 4.12),
(1053, 8, 9, 0.67),
(1054, 6, 39, 2.52),
(1055, 10, 157, 3.45),
(1056, 10, 46, 3.26),
(1057, 6, 108, 2.21),
(1058, 5, 149, 4.05),
(1059, 7, 97, 4.44),
(1060, 10, 97, 0.75),
(1061, 2, 51, 4.79),
(1062, 11, 162, 3.05),
(1063, 5, 5, 0.07),
(1064, 11, 166, 2.95),
(1065, 3, 56, 4.41),
(1066, 6, 151, 3.33),
(1067, 10, 32, 1.86),
(1068, 4, 103, 4.08),
(1069, 5, 84, 0.83),
(1070, 5, 132, 1.52),
(1071, 4, 142, 4.47),
(1072, 2, 170, 1.59),
(1073, 9, 167, 1.35),
(1074, 7, 33, 0.46),
(1075, 11, 70, 0.58),
(1076, 5, 151, 4.25),
(1077, 9, 42, 4.4),
(1078, 8, 164, 1.95),
(1079, 3, 9, 2.47),
(1080, 4, 36, 4.91),
(1081, 4, 112, 0.77),
(1082, 11, 21, 4.06),
(1083, 9, 40, 4.43),
(1084, 9, 50, 0.03),
(1085, 3, 5, 2.51),
(1086, 5, 121, 0.16),
(1087, 2, 128, 0.16),
(1088, 1, 31, 3.45),
(1089, 11, 117, 1.94),
(1090, 1, 161, 1.99),
(1091, 4, 88, 2.08),
(1092, 7, 159, 2.49),
(1093, 10, 153, 3.09),
(1094, 7, 170, 0.08),
(1095, 3, 52, 3.13),
(1096, 4, 92, 3.48),
(1097, 11, 134, 4.02),
(1098, 9, 104, 2.3),
(1099, 7, 107, 0.8),
(1100, 1, 125, 1.73),
(1101, 8, 48, 1.66),
(1102, 10, 65, 0.84),
(1103, 9, 65, 2.3),
(1104, 3, 146, 1.54),
(1105, 2, 130, 0.94),
(1106, 9, 77, 3.61),
(1107, 4, 99, 3.43),
(1108, 9, 175, 2),
(1109, 2, 67, 2.5),
(1110, 5, 89, 1.3),
(1111, 10, 65, 1.46),
(1112, 5, 21, 1.89),
(1113, 7, 110, 1.94),
(1114, 2, 80, 4.2),
(1115, 10, 157, 3.44),
(1116, 10, 32, 1.67),
(1117, 2, 133, 1.08),
(1118, 10, 141, 1.1),
(1119, 9, 41, 3.93),
(1120, 3, 174, 4.96),
(1121, 1, 84, 0.22),
(1122, 10, 12, 4.04),
(1123, 10, 147, 2.47),
(1124, 1, 142, 3.7),
(1125, 4, 107, 4.28),
(1126, 6, 1, 2.41),
(1127, 5, 95, 2.13),
(1128, 7, 104, 0.68),
(1129, 11, 85, 1.99),
(1130, 7, 143, 0.72),
(1131, 4, 66, 3.71),
(1132, 7, 157, 2.31),
(1133, 8, 41, 4.75),
(1134, 1, 101, 2.68),
(1135, 1, 80, 0.88),
(1136, 7, 49, 3.27),
(1137, 6, 75, 3.15),
(1138, 11, 128, 3.77),
(1139, 8, 8, 1.19),
(1140, 1, 103, 3.29),
(1141, 7, 1, 1.19),
(1142, 2, 27, 1.04),
(1143, 7, 74, 1.02),
(1144, 9, 76, 3.39),
(1145, 2, 118, 4.11),
(1146, 2, 72, 2.26),
(1147, 1, 8, 4.85),
(1148, 8, 128, 1.81),
(1149, 8, 67, 3.77),
(1150, 8, 22, 2.81),
(1151, 6, 108, 3.03),
(1152, 3, 77, 1.89),
(1153, 7, 172, 4.42),
(1154, 7, 44, 2.39),
(1155, 8, 159, 1.99),
(1156, 4, 112, 0),
(1157, 2, 136, 1.44),
(1158, 3, 20, 4.8),
(1159, 6, 90, 0.23),
(1160, 9, 111, 4.05),
(1161, 3, 114, 2.48),
(1162, 7, 99, 4.46),
(1163, 10, 90, 4.81),
(1164, 4, 141, 4.4),
(1165, 1, 131, 1.94),
(1166, 9, 131, 1.33),
(1167, 2, 15, 4.34),
(1168, 2, 168, 1.53),
(1169, 9, 154, 4.87),
(1170, 4, 135, 3.6),
(1171, 5, 121, 1.22),
(1172, 3, 63, 0.36),
(1173, 4, 76, 0.5),
(1174, 3, 177, 0.54),
(1175, 7, 135, 4.42),
(1176, 3, 51, 4.2),
(1177, 4, 53, 1.83),
(1178, 11, 127, 3.1),
(1179, 11, 24, 3.31),
(1180, 11, 106, 0.88),
(1181, 2, 20, 0.75),
(1182, 5, 127, 0.99),
(1183, 10, 161, 3.7),
(1184, 1, 3, 4.67),
(1185, 10, 130, 4.94),
(1186, 9, 5, 3.66),
(1187, 7, 130, 4.16),
(1188, 1, 105, 4.18),
(1189, 5, 138, 2.23),
(1190, 11, 73, 0.81),
(1191, 7, 100, 4.61),
(1192, 11, 7, 1.49),
(1193, 5, 5, 4.88),
(1194, 9, 16, 0.06),
(1195, 9, 181, 2.85),
(1196, 10, 101, 1.07),
(1197, 5, 72, 3.73),
(1198, 7, 93, 4.52),
(1199, 11, 41, 0.75),
(1200, 1, 173, 2.66),
(1201, 9, 72, 2.92),
(1202, 9, 166, 1.9),
(1203, 2, 112, 3.12),
(1204, 3, 88, 3.08),
(1205, 7, 46, 2.02),
(1206, 3, 20, 3.68),
(1207, 4, 110, 4.69),
(1208, 10, 101, 0.73),
(1209, 1, 167, 1.94),
(1210, 2, 133, 0.64),
(1211, 5, 147, 3.67),
(1212, 3, 179, 1.1),
(1213, 2, 8, 3.99),
(1214, 10, 160, 4.25),
(1215, 7, 83, 2.41),
(1216, 1, 137, 3.23),
(1217, 11, 165, 3.21),
(1218, 6, 88, 4.81),
(1219, 5, 173, 3.31),
(1220, 5, 50, 0.02),
(1221, 3, 3, 2.23),
(1222, 3, 118, 3.22),
(1223, 4, 86, 2.53),
(1224, 2, 19, 0.71),
(1225, 5, 105, 3.42),
(1226, 8, 71, 4.37),
(1227, 3, 76, 2.26),
(1228, 1, 134, 3.17),
(1229, 11, 160, 2.68),
(1230, 1, 103, 3.68),
(1231, 11, 121, 2.08),
(1232, 1, 22, 1.85),
(1233, 6, 68, 1.93),
(1234, 9, 157, 4.57),
(1235, 11, 22, 3.37),
(1236, 1, 12, 1.37),
(1237, 2, 9, 3.62),
(1238, 6, 34, 2.58),
(1239, 1, 100, 3.5),
(1240, 10, 22, 0.35),
(1241, 11, 133, 3.43),
(1242, 3, 27, 0.07),
(1243, 7, 16, 2.79),
(1244, 6, 173, 0.98),
(1245, 2, 181, 3.18),
(1246, 3, 3, 2.57),
(1247, 6, 21, 4.82),
(1248, 6, 99, 1.35),
(1249, 8, 131, 2.48),
(1250, 4, 16, 2.41),
(1251, 2, 62, 1.11),
(1252, 1, 142, 3.24),
(1253, 10, 93, 4.45),
(1254, 10, 158, 3.09),
(1255, 6, 106, 2.24),
(1256, 6, 21, 0.49),
(1257, 2, 78, 3.5),
(1258, 3, 5, 2.25),
(1259, 2, 95, 0.47),
(1260, 10, 36, 1.54),
(1261, 11, 141, 0.25),
(1262, 11, 93, 3.78),
(1263, 3, 175, 0.36),
(1264, 6, 27, 1.62),
(1265, 2, 165, 0.05),
(1266, 4, 109, 0.11),
(1267, 4, 91, 2.79),
(1268, 4, 139, 4.84),
(1269, 6, 149, 2.29),
(1270, 10, 144, 2.33),
(1271, 11, 68, 4.96),
(1272, 10, 45, 3.55),
(1273, 9, 158, 4.77),
(1274, 2, 170, 1.06),
(1275, 3, 106, 0.88),
(1276, 2, 31, 2.1),
(1277, 7, 129, 3.84),
(1278, 8, 47, 0.74),
(1279, 11, 70, 0.12),
(1280, 11, 139, 4.68),
(1281, 5, 13, 1.15),
(1282, 11, 178, 0.56),
(1283, 7, 131, 3.9),
(1284, 9, 57, 1.87),
(1285, 11, 96, 4.24),
(1286, 8, 132, 3.41),
(1287, 3, 12, 3.23),
(1288, 1, 55, 1.78),
(1289, 10, 59, 4.94),
(1290, 11, 155, 1.88),
(1291, 4, 85, 1.86),
(1292, 6, 38, 3.24),
(1293, 7, 25, 4.2),
(1294, 9, 71, 3.05),
(1295, 10, 102, 0.83),
(1296, 2, 44, 3.86),
(1297, 2, 58, 1.07),
(1298, 2, 167, 1.34),
(1299, 7, 13, 3.11),
(1300, 10, 121, 3.05),
(1301, 1, 79, 0.09),
(1302, 9, 157, 4.86),
(1303, 3, 78, 1.68),
(1304, 5, 172, 2.88),
(1305, 1, 74, 4.74),
(1306, 6, 139, 1.28),
(1307, 11, 34, 4.77),
(1308, 3, 35, 1.6),
(1309, 1, 33, 4.08),
(1310, 6, 44, 2.93),
(1311, 3, 54, 4.18),
(1312, 4, 3, 0.73),
(1313, 8, 6, 0.35),
(1314, 3, 13, 2.92),
(1315, 8, 145, 4.33),
(1316, 11, 14, 2.84),
(1317, 7, 67, 4.94),
(1318, 10, 48, 3.9),
(1319, 2, 38, 3.58),
(1320, 11, 111, 0.96),
(1321, 2, 17, 0.25),
(1322, 11, 139, 4.38),
(1323, 1, 143, 3.39),
(1324, 1, 24, 2.72),
(1325, 4, 8, 0.97),
(1326, 10, 125, 4.37),
(1327, 4, 166, 3.22),
(1328, 6, 86, 4.57),
(1329, 2, 8, 3.65),
(1330, 6, 84, 3.62),
(1331, 3, 180, 1.33),
(1332, 4, 174, 3.71),
(1333, 10, 171, 1.04),
(1334, 3, 80, 2.77),
(1335, 6, 114, 3.81),
(1336, 11, 64, 4.86),
(1337, 9, 21, 0.76),
(1338, 5, 114, 4.46),
(1339, 7, 33, 0.96),
(1340, 5, 91, 1.31),
(1341, 9, 42, 3.65),
(1342, 11, 116, 1.42),
(1343, 6, 132, 0.47),
(1344, 4, 27, 4.32),
(1345, 10, 155, 3.06),
(1346, 6, 110, 2.85),
(1347, 1, 80, 0.51),
(1348, 3, 119, 3.54),
(1349, 7, 130, 4.39),
(1350, 3, 101, 0.32),
(1351, 8, 14, 2.04),
(1352, 10, 160, 4.73),
(1353, 1, 103, 2.92),
(1354, 3, 67, 0.88),
(1355, 9, 59, 1.5),
(1356, 6, 138, 1.03),
(1357, 9, 22, 1.76),
(1358, 5, 177, 3.29),
(1359, 4, 151, 0.39),
(1360, 10, 45, 2.76),
(1361, 1, 74, 4.94),
(1362, 8, 122, 0.82),
(1363, 9, 103, 2.01),
(1364, 4, 62, 3.83),
(1365, 9, 142, 2.28),
(1366, 11, 57, 3.75),
(1367, 10, 152, 3.72),
(1368, 3, 138, 0.99),
(1369, 8, 177, 3.68),
(1370, 9, 100, 2.51),
(1371, 10, 140, 1.44),
(1372, 2, 142, 2.62),
(1373, 3, 141, 0.33),
(1374, 1, 152, 0.81),
(1375, 4, 2, 0.7),
(1376, 8, 179, 4.4),
(1377, 5, 105, 2.83),
(1378, 2, 139, 2.7),
(1379, 5, 77, 4.44),
(1380, 2, 33, 2.02),
(1381, 6, 32, 2.17),
(1382, 8, 170, 3.67),
(1383, 10, 26, 0.48),
(1384, 1, 2, 4.34),
(1385, 4, 173, 4.15),
(1386, 4, 175, 4.73),
(1387, 10, 66, 1.46),
(1388, 5, 177, 3.78),
(1389, 10, 10, 3.29),
(1390, 2, 135, 1.36),
(1391, 2, 159, 4.81),
(1392, 3, 8, 3.25),
(1393, 2, 124, 0.14),
(1394, 2, 72, 3.4),
(1395, 3, 10, 3.06),
(1396, 10, 122, 3.3),
(1397, 4, 78, 1.47),
(1398, 3, 9, 3.36),
(1399, 3, 17, 3.91),
(1400, 8, 157, 2),
(1401, 5, 146, 4.13),
(1402, 8, 13, 1.12),
(1403, 11, 161, 3.45),
(1404, 9, 166, 0.92),
(1405, 2, 57, 0.21),
(1406, 4, 47, 2.28),
(1407, 6, 32, 1.71),
(1408, 3, 170, 0.56),
(1409, 9, 72, 3.73),
(1410, 6, 83, 3.35),
(1411, 11, 156, 1.93),
(1412, 4, 105, 4.19),
(1413, 6, 142, 2.7),
(1414, 4, 27, 3.3),
(1415, 10, 64, 0.72),
(1416, 8, 175, 3.92),
(1417, 1, 143, 4.26),
(1418, 10, 171, 0.03),
(1419, 3, 4, 2.34),
(1420, 4, 3, 1.04),
(1421, 1, 75, 0.23),
(1422, 11, 146, 0.25),
(1423, 10, 10, 3.68),
(1424, 6, 74, 2.33),
(1425, 2, 27, 2.05),
(1426, 7, 146, 1.01),
(1427, 7, 67, 0.31),
(1428, 3, 150, 2.6),
(1429, 2, 12, 4.68),
(1430, 6, 123, 4.43),
(1431, 5, 68, 3.27),
(1432, 2, 140, 2.12),
(1433, 9, 133, 1.27),
(1434, 1, 114, 4.51),
(1435, 7, 80, 1.52),
(1436, 3, 22, 4.9),
(1437, 6, 141, 1.28),
(1438, 11, 175, 4.88),
(1439, 11, 7, 0.95),
(1440, 10, 122, 4.08),
(1441, 1, 160, 0.99),
(1442, 4, 33, 4.2),
(1443, 8, 137, 3.99),
(1444, 9, 51, 0.99),
(1445, 2, 30, 1.75),
(1446, 3, 52, 3.09),
(1447, 3, 65, 0.3),
(1448, 3, 171, 0.14),
(1449, 4, 96, 3.31),
(1450, 9, 125, 1.21),
(1451, 2, 178, 2.38),
(1452, 5, 140, 2.71),
(1453, 5, 60, 2.31),
(1454, 4, 50, 1.87),
(1455, 1, 21, 2.1),
(1456, 9, 101, 2.43),
(1457, 9, 70, 3.11),
(1458, 11, 161, 2.94),
(1459, 4, 114, 1.45),
(1460, 7, 5, 1.88),
(1461, 9, 168, 1.01),
(1462, 3, 95, 4.69),
(1463, 2, 144, 2.99),
(1464, 7, 53, 2.97),
(1465, 2, 132, 1.67),
(1466, 6, 79, 3.52),
(1467, 3, 178, 1.28),
(1468, 4, 164, 2.59),
(1469, 10, 150, 2.51),
(1470, 1, 117, 0.69),
(1471, 9, 67, 2.89),
(1472, 9, 28, 2.19),
(1473, 9, 61, 2.42),
(1474, 5, 116, 4.73),
(1475, 9, 38, 3.03),
(1476, 5, 39, 4.28),
(1477, 7, 109, 0.43),
(1478, 8, 171, 3.93),
(1479, 2, 31, 2.59),
(1480, 1, 163, 1.05),
(1481, 4, 32, 3.92),
(1482, 5, 116, 4.93),
(1483, 1, 31, 3.82),
(1484, 4, 55, 2.79),
(1485, 10, 129, 4.65),
(1486, 6, 144, 2.06),
(1487, 8, 33, 4.22),
(1488, 8, 160, 1.8),
(1489, 2, 125, 4.92),
(1490, 10, 56, 4.87),
(1491, 11, 153, 1.79),
(1492, 3, 40, 1.62),
(1493, 11, 151, 1.4),
(1494, 10, 124, 3.47),
(1495, 5, 7, 4.53),
(1496, 5, 72, 3.54),
(1497, 4, 121, 1.28),
(1498, 4, 113, 1.4),
(1499, 6, 148, 2.37),
(1500, 11, 45, 2.1),
(1501, 5, 103, 3.7),
(1502, 1, 142, 4.48),
(1503, 2, 7, 3.77),
(1504, 8, 6, 0.93),
(1505, 10, 108, 2.37),
(1506, 7, 100, 4.86),
(1507, 3, 20, 4.59),
(1508, 3, 108, 0.76),
(1509, 11, 82, 1.58),
(1510, 3, 31, 0.88),
(1511, 5, 62, 2.84),
(1512, 10, 79, 3.45),
(1513, 2, 120, 4.32),
(1514, 4, 19, 2.47),
(1515, 2, 64, 1.24),
(1516, 3, 39, 2.49),
(1517, 10, 137, 1.06),
(1518, 9, 69, 2.46),
(1519, 4, 22, 3.13),
(1520, 9, 8, 4.26),
(1521, 2, 27, 1.54),
(1522, 2, 103, 2.68),
(1523, 11, 56, 2.87),
(1524, 11, 9, 1.91),
(1525, 9, 124, 0.56),
(1526, 6, 44, 3.28),
(1527, 7, 148, 2.03),
(1528, 7, 126, 3.58),
(1529, 6, 64, 1.31),
(1530, 3, 91, 3.59),
(1531, 2, 58, 1.49),
(1532, 6, 150, 2.54),
(1533, 1, 133, 2.57),
(1534, 5, 59, 2.51),
(1535, 6, 31, 1.22),
(1536, 8, 151, 0.11),
(1537, 7, 180, 0.67),
(1538, 8, 6, 0.47),
(1539, 5, 108, 4.28),
(1540, 6, 162, 4.88),
(1541, 3, 21, 4.76),
(1542, 5, 36, 3.78),
(1543, 3, 121, 3.82),
(1544, 10, 151, 3.46),
(1545, 11, 134, 3.95),
(1546, 9, 65, 2.72),
(1547, 8, 111, 0.5),
(1548, 8, 16, 1.93),
(1549, 8, 42, 0.62),
(1550, 11, 45, 2.33),
(1551, 7, 97, 4.57),
(1552, 11, 18, 2.87),
(1553, 7, 37, 1.22),
(1554, 7, 69, 0.15),
(1555, 1, 177, 4.17),
(1556, 3, 136, 4.9),
(1557, 8, 65, 3.98),
(1558, 11, 39, 1.56),
(1559, 11, 114, 1.96),
(1560, 1, 43, 4.7),
(1561, 11, 20, 2.96),
(1562, 7, 68, 4.87),
(1563, 9, 154, 4.84),
(1564, 4, 109, 0.45),
(1565, 8, 3, 0.45),
(1566, 5, 149, 4.18),
(1567, 8, 19, 1.74),
(1568, 5, 19, 1.12),
(1569, 9, 70, 2.46),
(1570, 4, 11, 1.87),
(1571, 8, 61, 3.02),
(1572, 1, 46, 1.06),
(1573, 4, 169, 3.51),
(1574, 9, 97, 2.39),
(1575, 9, 96, 1.27),
(1576, 8, 126, 1.98),
(1577, 10, 56, 4.18),
(1578, 3, 141, 0.61),
(1579, 4, 1, 0.97),
(1580, 11, 43, 1.37),
(1581, 8, 96, 3.2),
(1582, 7, 27, 4.43),
(1583, 11, 58, 2.97),
(1584, 1, 60, 2.88),
(1585, 10, 135, 0.14),
(1586, 11, 88, 3.41),
(1587, 11, 135, 4.25),
(1588, 1, 94, 2.67),
(1589, 2, 5, 3.71),
(1590, 8, 175, 4.59),
(1591, 8, 130, 2.46),
(1592, 4, 17, 2.64),
(1593, 4, 38, 4.79),
(1594, 2, 178, 1.89),
(1595, 11, 120, 2.15),
(1596, 2, 100, 1.18),
(1597, 6, 176, 1.17),
(1598, 3, 114, 1.73),
(1599, 10, 34, 1.98),
(1600, 5, 170, 2.01),
(1601, 3, 145, 2.01),
(1602, 7, 147, 1.25),
(1603, 9, 58, 0.8),
(1604, 10, 128, 0.08),
(1605, 11, 142, 0.08),
(1606, 9, 111, 4.33),
(1607, 6, 155, 3.94),
(1608, 5, 103, 3.39),
(1609, 8, 71, 4.45),
(1610, 4, 139, 4.76),
(1611, 6, 93, 0.65),
(1612, 2, 40, 3.57),
(1613, 11, 87, 3.05),
(1614, 7, 52, 2.82),
(1615, 11, 18, 3.07),
(1616, 9, 12, 4.86),
(1617, 8, 82, 1.17),
(1618, 9, 67, 2),
(1619, 10, 53, 3.8),
(1620, 11, 62, 4.63),
(1621, 7, 49, 2.51),
(1622, 8, 12, 0.9),
(1623, 8, 179, 4.14),
(1624, 2, 67, 1.69),
(1625, 7, 160, 3.35),
(1626, 8, 98, 2.77),
(1627, 2, 25, 0.94),
(1628, 6, 29, 0.76),
(1629, 4, 1, 0.71),
(1630, 8, 12, 1.1),
(1631, 11, 164, 3.89),
(1632, 2, 100, 1.11),
(1633, 6, 117, 4.14),
(1634, 3, 102, 0.9),
(1635, 3, 101, 0.63),
(1636, 11, 75, 0.88),
(1637, 8, 135, 3.71),
(1638, 6, 40, 3.07),
(1639, 5, 47, 0.19),
(1640, 5, 171, 2.35),
(1641, 6, 46, 3.26),
(1642, 6, 107, 2.04),
(1643, 4, 30, 4.92),
(1644, 5, 38, 3.71),
(1645, 1, 40, 4.15),
(1646, 6, 173, 1.52),
(1647, 8, 68, 4.44),
(1648, 4, 176, 4.36),
(1649, 5, 111, 3.59),
(1650, 9, 115, 4.49),
(1651, 7, 43, 2.05),
(1652, 4, 94, 2.73),
(1653, 2, 41, 2.96),
(1654, 4, 131, 3.47),
(1655, 4, 92, 2.84),
(1656, 4, 166, 3.04),
(1657, 4, 117, 1.7),
(1658, 9, 147, 3.76),
(1659, 4, 69, 4.61),
(1660, 6, 107, 2.64),
(1661, 10, 146, 1.98),
(1662, 7, 114, 2.26),
(1663, 5, 96, 2.51),
(1664, 11, 26, 4.6),
(1665, 2, 20, 0.07),
(1666, 9, 127, 1.24),
(1667, 2, 177, 2.27),
(1668, 4, 61, 3.23),
(1669, 3, 40, 1.94),
(1670, 4, 55, 3.1),
(1671, 3, 28, 0.78),
(1672, 4, 29, 3.99),
(1673, 6, 47, 3.42),
(1674, 8, 40, 0.62),
(1675, 11, 84, 2.04),
(1676, 8, 10, 1.53),
(1677, 5, 166, 2.41),
(1678, 8, 154, 1.27),
(1679, 9, 166, 1.8),
(1680, 1, 42, 4.79),
(1681, 2, 118, 4.6),
(1682, 8, 102, 4),
(1683, 4, 40, 0.66),
(1684, 11, 105, 4.46),
(1685, 9, 2, 4.17),
(1686, 2, 36, 2.78),
(1687, 3, 55, 4.58),
(1688, 8, 123, 1.65),
(1689, 7, 21, 3.57),
(1690, 3, 177, 1.01),
(1691, 1, 147, 4),
(1692, 7, 84, 2.93),
(1693, 7, 181, 1.6),
(1694, 7, 24, 4.01),
(1695, 7, 125, 2.93),
(1696, 10, 99, 0.66),
(1697, 1, 144, 4.19),
(1698, 10, 108, 2.51),
(1699, 9, 28, 2.77),
(1700, 4, 170, 3.57),
(1701, 9, 125, 0.72),
(1702, 8, 151, 1.04),
(1703, 6, 18, 4.19),
(1704, 10, 5, 2.04),
(1705, 11, 104, 4.93),
(1706, 3, 16, 3.97),
(1707, 8, 37, 4.32),
(1708, 8, 176, 3.61),
(1709, 8, 57, 2.32),
(1710, 5, 103, 3.32),
(1711, 7, 15, 2.79),
(1712, 7, 11, 3.28),
(1713, 2, 99, 2.08),
(1714, 5, 176, 2.57),
(1715, 8, 143, 4.74),
(1716, 5, 3, 4.81),
(1717, 9, 167, 1.58),
(1718, 10, 31, 1.9),
(1719, 5, 149, 4.64),
(1720, 2, 15, 4.37),
(1721, 2, 11, 4.43),
(1722, 3, 111, 1.43),
(1723, 7, 27, 4.68),
(1724, 3, 68, 0.83),
(1725, 8, 8, 0.38),
(1726, 3, 14, 2.98),
(1727, 9, 176, 3.01),
(1728, 2, 121, 0.26),
(1729, 3, 23, 4.23),
(1730, 10, 139, 1.27),
(1731, 11, 18, 2.83),
(1732, 6, 4, 2.34),
(1733, 4, 2, 0.94),
(1734, 11, 2, 1.54),
(1735, 6, 113, 2.92),
(1736, 1, 96, 2.32),
(1737, 9, 54, 1.32),
(1738, 5, 67, 2.77),
(1739, 8, 116, 1.05),
(1740, 2, 7, 3.95),
(1741, 10, 147, 2.66),
(1742, 3, 105, 0.91),
(1743, 2, 62, 0.87),
(1744, 10, 127, 4.87),
(1745, 9, 167, 1.41),
(1746, 8, 83, 1.48),
(1747, 2, 121, 0.03),
(1748, 1, 18, 2.14),
(1749, 10, 168, 0.53),
(1750, 9, 77, 4.38),
(1751, 2, 162, 0.78),
(1752, 2, 9, 4.59),
(1753, 6, 95, 1.28),
(1754, 8, 136, 3.13),
(1755, 10, 103, 0.8),
(1756, 2, 9, 4.55),
(1757, 5, 64, 2.55),
(1758, 6, 171, 1.12),
(1759, 4, 149, 1.01),
(1760, 7, 24, 0.1),
(1761, 8, 83, 0.87),
(1762, 6, 176, 1.75),
(1763, 10, 30, 1.41),
(1764, 11, 142, 0.65),
(1765, 4, 24, 3.71),
(1766, 4, 68, 4.57),
(1767, 5, 85, 0.03),
(1768, 7, 29, 4.45),
(1769, 11, 35, 0.22),
(1770, 8, 13, 2.12),
(1771, 11, 53, 3.63),
(1772, 9, 102, 2.85),
(1773, 2, 20, 0.25),
(1774, 11, 86, 2.88),
(1775, 6, 118, 4.06),
(1776, 2, 27, 1.89),
(1777, 5, 25, 1.55),
(1778, 2, 144, 2.7),
(1779, 4, 171, 3.88),
(1780, 1, 169, 2.55),
(1781, 9, 38, 3.96),
(1782, 4, 58, 2.87),
(1783, 11, 159, 3.13),
(1784, 6, 110, 2.62),
(1785, 9, 92, 0.38),
(1786, 10, 19, 4.58),
(1787, 4, 113, 1.44),
(1788, 7, 3, 1.69),
(1789, 8, 45, 1.37),
(1790, 7, 61, 3.83),
(1791, 10, 161, 4.64),
(1792, 11, 16, 2.51),
(1793, 3, 144, 0.94),
(1794, 7, 41, 2.25),
(1795, 7, 97, 4.62),
(1796, 1, 69, 4.04),
(1797, 10, 17, 3.7),
(1798, 5, 168, 1.67),
(1799, 10, 92, 4.12),
(1800, 7, 100, 4.61),
(1801, 11, 18, 2.85),
(1802, 7, 16, 3.72),
(1803, 6, 22, 0.94),
(1804, 7, 58, 4.31),
(1805, 4, 38, 4.77),
(1806, 2, 162, 0.1),
(1807, 5, 4, 4.23),
(1808, 2, 58, 0.32),
(1809, 5, 128, 1.88),
(1810, 9, 135, 1.92),
(1811, 8, 62, 3),
(1812, 11, 21, 3.06),
(1813, 9, 146, 4.18),
(1814, 9, 58, 1.46),
(1815, 6, 120, 3.91),
(1816, 11, 56, 3.66),
(1817, 9, 96, 1.97),
(1818, 5, 144, 3.87),
(1819, 6, 28, 1.44),
(1820, 11, 181, 0.4),
(1821, 5, 142, 3.49),
(1822, 2, 113, 3.43),
(1823, 7, 136, 0.34),
(1824, 1, 39, 4.12),
(1825, 6, 166, 0.65),
(1826, 11, 34, 0.94),
(1827, 5, 63, 2.93),
(1828, 10, 126, 3.98),
(1829, 10, 20, 4.26),
(1830, 11, 18, 3.43),
(1831, 2, 120, 4.4),
(1832, 5, 80, 4.73),
(1833, 5, 41, 4.36),
(1834, 8, 157, 1.18),
(1835, 7, 42, 1.86),
(1836, 2, 140, 1.66),
(1837, 4, 126, 2.29),
(1838, 3, 122, 3.69),
(1839, 8, 24, 3.24),
(1840, 10, 52, 4.45),
(1841, 7, 55, 3.6),
(1842, 8, 59, 2.69),
(1843, 8, 173, 3.13),
(1844, 4, 88, 3.01),
(1845, 7, 178, 1.12),
(1846, 2, 42, 3.03),
(1847, 4, 160, 1.99),
(1848, 4, 94, 2.72),
(1849, 2, 47, 3.7),
(1850, 11, 86, 2.74),
(1851, 4, 173, 4.07),
(1852, 3, 110, 1.92),
(1853, 2, 77, 3.79),
(1854, 6, 67, 1.28),
(1855, 2, 20, 0.05),
(1856, 9, 115, 4.76),
(1857, 10, 90, 4.3),
(1858, 10, 94, 0.59),
(1859, 1, 158, 1.07),
(1860, 6, 121, 4.77),
(1861, 9, 174, 2.56),
(1862, 8, 152, 0.8),
(1863, 4, 175, 4.74),
(1864, 10, 78, 2.83),
(1865, 7, 12, 3.34),
(1866, 2, 132, 0.93),
(1867, 9, 39, 3.99),
(1868, 4, 69, 4.09),
(1869, 11, 67, 4.71),
(1870, 7, 43, 1.68),
(1871, 11, 161, 2.48),
(1872, 10, 111, 2.96),
(1873, 2, 155, 4.5),
(1874, 11, 178, 0.52),
(1875, 7, 101, 0.27),
(1876, 7, 156, 2.39),
(1877, 10, 120, 4.24),
(1878, 3, 137, 4.93),
(1879, 8, 72, 4.86),
(1880, 8, 80, 0.91),
(1881, 7, 76, 1.52),
(1882, 3, 80, 1.9),
(1883, 7, 145, 1.18),
(1884, 9, 33, 2.87),
(1885, 4, 162, 2.49),
(1886, 9, 99, 1.5),
(1887, 10, 76, 2.49),
(1888, 3, 130, 4.22),
(1889, 1, 157, 0.45),
(1890, 10, 1, 2.28),
(1891, 3, 173, 4.91),
(1892, 1, 50, 1.17),
(1893, 4, 13, 1.46),
(1894, 3, 66, 0.3),
(1895, 3, 168, 4.86),
(1896, 1, 83, 0.28),
(1897, 11, 75, 1.51),
(1898, 4, 87, 2.8),
(1899, 5, 29, 3.48),
(1900, 11, 165, 2.69),
(1901, 11, 45, 1.59),
(1902, 10, 54, 4.63),
(1903, 9, 168, 2.05),
(1904, 4, 25, 4.23),
(1905, 10, 112, 2.97),
(1906, 2, 147, 3.41),
(1907, 11, 165, 2.88),
(1908, 2, 3, 3.08),
(1909, 1, 66, 3.39),
(1910, 4, 92, 2.97),
(1911, 6, 97, 1.32),
(1912, 9, 158, 0.71),
(1913, 2, 17, 0.74),
(1914, 6, 164, 0.47),
(1915, 9, 105, 2.86),
(1916, 2, 166, 0.99),
(1917, 3, 115, 2.13),
(1918, 3, 158, 3.35),
(1919, 9, 121, 0.64),
(1920, 8, 148, 0.82),
(1921, 5, 65, 3.39),
(1922, 4, 99, 3.89),
(1923, 3, 173, 4.99),
(1924, 2, 118, 4.28),
(1925, 4, 16, 2.24),
(1926, 11, 96, 3.61),
(1927, 1, 169, 3.03),
(1928, 3, 65, 0.34),
(1929, 4, 34, 0.42),
(1930, 10, 16, 4.18),
(1931, 11, 16, 3.3),
(1932, 1, 52, 1.26),
(1933, 5, 54, 1.25),
(1934, 4, 12, 1.16),
(1935, 11, 26, 3.97),
(1936, 7, 71, 1.4),
(1937, 3, 57, 4.41),
(1938, 6, 122, 4.87),
(1939, 10, 63, 0.82),
(1940, 9, 80, 4.17),
(1941, 10, 142, 1.69),
(1942, 4, 129, 2.61),
(1943, 6, 146, 2.96),
(1944, 7, 176, 1.02),
(1945, 2, 172, 2.01),
(1946, 2, 115, 3.35),
(1947, 5, 37, 3.36),
(1948, 9, 144, 3.35),
(1949, 11, 161, 2.49),
(1950, 10, 117, 3.64),
(1951, 8, 74, 4.36),
(1952, 2, 18, 0.34),
(1953, 1, 1, 4.41),
(1954, 5, 72, 3.8),
(1955, 7, 141, 0.28),
(1956, 11, 98, 4.32),
(1957, 8, 176, 3.51),
(1958, 7, 170, 4.31),
(1959, 6, 162, 4.86),
(1960, 3, 1, 2.31),
(1961, 4, 25, 3.86),
(1962, 5, 170, 1.64),
(1963, 10, 32, 1.84),
(1964, 4, 91, 2.69),
(1965, 3, 59, 0.27),
(1966, 4, 62, 3.96),
(1967, 11, 62, 4.37),
(1968, 4, 24, 3.01),
(1969, 7, 49, 2.47),
(1970, 8, 157, 1.63),
(1971, 1, 27, 3.3),
(1972, 10, 58, 0.06),
(1973, 2, 92, 1.02),
(1974, 6, 160, 4.57),
(1975, 11, 163, 3.54),
(1976, 10, 16, 4.51),
(1977, 3, 103, 0.31),
(1978, 7, 161, 2.98),
(1979, 4, 145, 0.21),
(1980, 9, 171, 1.33),
(1981, 6, 132, 0.56),
(1982, 5, 110, 4.31),
(1983, 6, 163, 4.94),
(1984, 3, 52, 3.36),
(1985, 6, 95, 0.43),
(1986, 10, 13, 3.76),
(1987, 7, 93, 4.42),
(1988, 10, 150, 2.22),
(1989, 9, 67, 3.06),
(1990, 11, 180, 0.25),
(1991, 4, 45, 1.94),
(1992, 3, 156, 3.43),
(1993, 10, 37, 2.26),
(1994, 8, 167, 3.21),
(1995, 5, 54, 0.71),
(1996, 10, 124, 4.78),
(1997, 9, 143, 3.67),
(1998, 4, 66, 4.34),
(1999, 3, 122, 2.96),
(2000, 11, 170, 4.3),
(2001, 6, 157, 4.29),
(2002, 8, 163, 2.02),
(2003, 4, 78, 0.76),
(2004, 6, 168, 1.03),
(2005, 3, 114, 1.91),
(2006, 1, 3, 4.91),
(2007, 10, 67, 1.23),
(2008, 2, 164, 0.65),
(2009, 11, 61, 4.13),
(2010, 2, 33, 2.53),
(2011, 11, 81, 1.25),
(2012, 11, 150, 1.88),
(2013, 5, 162, 1.26),
(2014, 7, 29, 0.19),
(2015, 8, 90, 1.49),
(2016, 1, 29, 3.73),
(2017, 3, 15, 3.1),
(2018, 10, 74, 2.39),
(2019, 2, 71, 2.24),
(2020, 1, 9, 4.99),
(2021, 10, 48, 3.83),
(2022, 1, 164, 1.93),
(2023, 3, 174, 0.66),
(2024, 9, 93, 1.09),
(2025, 7, 22, 4.64),
(2026, 4, 113, 1.29),
(2027, 5, 67, 2.79),
(2028, 8, 138, 3.66),
(2029, 5, 132, 2.37),
(2030, 3, 98, 0.55),
(2031, 11, 68, 0.25),
(2032, 2, 91, 0.49),
(2033, 11, 126, 2.38),
(2034, 4, 13, 2.22),
(2035, 1, 132, 3.05),
(2036, 10, 88, 4.1),
(2037, 8, 149, 0.62),
(2038, 2, 85, 4.17),
(2039, 9, 62, 1.95),
(2040, 11, 91, 3.45),
(2041, 11, 127, 3.16),
(2042, 1, 79, 4.8),
(2043, 6, 120, 3.86),
(2044, 10, 17, 4.01),
(2045, 9, 55, 1.45),
(2046, 6, 149, 2.41),
(2047, 11, 62, 4.14),
(2048, 2, 18, 0.63),
(2049, 4, 66, 3.78),
(2050, 8, 46, 0.78),
(2051, 1, 109, 4.82),
(2052, 1, 34, 4.39),
(2053, 10, 102, 1.46),
(2054, 9, 178, 3.01),
(2055, 1, 89, 1.32),
(2056, 10, 90, 4.53),
(2057, 1, 87, 1.31),
(2058, 10, 119, 3),
(2059, 1, 76, 4.73),
(2060, 6, 107, 2.45),
(2061, 8, 169, 3.05),
(2062, 3, 89, 3.29),
(2063, 9, 21, 0.61),
(2064, 3, 173, 4.86),
(2065, 1, 20, 2.63),
(2066, 4, 172, 4.07),
(2067, 3, 133, 4.77),
(2068, 7, 5, 2),
(2069, 11, 69, 0.76),
(2070, 7, 120, 2.19),
(2071, 3, 128, 4.52),
(2072, 5, 66, 2.84),
(2073, 9, 9, 4.95),
(2074, 9, 14, 4.73),
(2075, 6, 126, 4.68),
(2076, 7, 42, 1.59),
(2077, 10, 106, 0.99),
(2078, 3, 107, 1.18),
(2079, 5, 67, 2.95),
(2080, 10, 87, 4.15),
(2081, 9, 27, 2.69),
(2082, 3, 124, 3.11),
(2083, 1, 87, 0.9),
(2084, 6, 145, 2.94),
(2085, 6, 173, 0.63),
(2086, 9, 92, 0.98),
(2087, 6, 135, 1.63),
(2088, 5, 178, 3.68),
(2089, 9, 82, 0.28),
(2090, 11, 86, 2.91),
(2091, 6, 131, 0.63),
(2092, 6, 171, 1.62),
(2093, 9, 178, 2.68),
(2094, 9, 11, 0.46),
(2095, 4, 29, 4.6),
(2096, 2, 167, 0.94),
(2097, 3, 65, 1.16),
(2098, 1, 137, 2.51),
(2099, 3, 130, 4.19),
(2100, 1, 136, 2.87),
(2101, 7, 78, 1.22),
(2102, 11, 174, 4.88),
(2103, 1, 17, 2.19),
(2104, 11, 57, 3.91),
(2105, 11, 98, 3.77),
(2106, 2, 98, 1.11),
(2107, 6, 140, 2),
(2108, 8, 42, 0.38),
(2109, 8, 51, 1.41),
(2110, 7, 10, 2.56),
(2111, 5, 96, 2),
(2112, 5, 160, 0.81),
(2113, 2, 61, 0.89),
(2114, 10, 167, 4.65),
(2115, 10, 121, 3.22),
(2116, 3, 41, 2.15),
(2117, 6, 15, 4.87),
(2118, 7, 43, 1.43),
(2119, 8, 133, 2.58),
(2120, 5, 63, 2.94),
(2121, 10, 136, 0.22),
(2122, 11, 132, 3.61),
(2123, 5, 172, 2.4),
(2124, 7, 61, 4.97),
(2125, 11, 160, 2.43),
(2126, 9, 88, 0.23),
(2127, 9, 141, 2.68),
(2128, 4, 26, 3.32),
(2129, 10, 82, 2.91),
(2130, 7, 13, 3.28),
(2131, 1, 75, 4.16),
(2132, 11, 22, 4.18),
(2133, 9, 102, 1.78),
(2134, 2, 84, 4.9),
(2135, 6, 123, 4.08),
(2136, 1, 142, 3.82),
(2137, 6, 19, 0.39),
(2138, 1, 34, 3.38),
(2139, 10, 14, 4.61),
(2140, 5, 27, 2.89),
(2141, 5, 95, 1.24),
(2142, 8, 123, 1.6),
(2143, 7, 166, 4.2),
(2144, 6, 141, 2.5),
(2145, 2, 67, 1.59),
(2146, 6, 89, 4.92),
(2147, 5, 54, 0.59),
(2148, 8, 37, 4.41),
(2149, 9, 63, 1.65),
(2150, 7, 18, 3.11),
(2151, 10, 46, 3.88),
(2152, 2, 64, 1.78),
(2153, 8, 97, 2.47),
(2154, 10, 166, 4.68),
(2155, 11, 161, 3.05),
(2156, 5, 27, 2.72),
(2157, 4, 142, 0.25),
(2158, 11, 75, 1.55),
(2159, 4, 124, 2.18),
(2160, 2, 68, 2.25),
(2161, 2, 58, 0.97),
(2162, 1, 85, 1.57),
(2163, 2, 162, 4.8),
(2164, 2, 134, 1.6),
(2165, 5, 174, 3.23),
(2166, 4, 150, 0.32),
(2167, 10, 6, 3.1),
(2168, 1, 35, 4.57),
(2169, 1, 48, 1.54),
(2170, 9, 154, 4.91),
(2171, 5, 159, 1.41),
(2172, 9, 13, 4.93),
(2173, 9, 125, 1.31),
(2174, 3, 76, 1.84),
(2175, 7, 148, 1.66),
(2176, 3, 7, 2.8),
(2177, 8, 142, 4.11),
(2178, 9, 74, 3.49),
(2179, 4, 54, 3.17),
(2180, 4, 97, 4),
(2181, 5, 114, 4.65),
(2182, 9, 1, 3.66),
(2183, 8, 17, 2.37),
(2184, 2, 15, 0.56),
(2185, 4, 41, 0.95),
(2186, 3, 143, 0.61),
(2187, 3, 160, 3.24),
(2188, 7, 17, 3.11),
(2189, 10, 63, 0.97),
(2190, 11, 21, 3.7),
(2191, 5, 112, 4.93),
(2192, 1, 75, 4.2),
(2193, 11, 57, 3.33),
(2194, 5, 170, 2.56),
(2195, 9, 45, 4.81),
(2196, 1, 84, 0.56),
(2197, 2, 88, 4.66),
(2198, 3, 46, 3.15),
(2199, 5, 17, 1.34),
(2200, 1, 96, 2.22),
(2201, 7, 153, 1.5),
(2202, 11, 176, 4.67),
(2203, 9, 178, 3.2),
(2204, 3, 62, 4.74),
(2205, 8, 135, 2.83),
(2206, 7, 53, 3.26),
(2207, 5, 1, 4.19),
(2208, 3, 74, 2.35),
(2209, 2, 52, 4.99),
(2210, 2, 131, 0.93),
(2211, 9, 42, 4.34),
(2212, 8, 124, 2.18),
(2213, 2, 67, 2.1),
(2214, 1, 143, 4.53),
(2215, 2, 26, 0.88),
(2216, 6, 148, 3.34),
(2217, 10, 88, 3.65),
(2218, 3, 140, 1.34),
(2219, 1, 68, 3.82),
(2220, 8, 34, 4.18),
(2221, 7, 112, 1.09),
(2222, 3, 94, 4.35),
(2223, 9, 79, 3.72),
(2224, 5, 155, 0.1),
(2225, 6, 113, 2.53),
(2226, 8, 144, 4.94),
(2227, 7, 145, 1.7),
(2228, 4, 88, 2.54),
(2229, 2, 173, 2.38),
(2230, 6, 32, 1.54),
(2231, 1, 33, 4.17),
(2232, 7, 118, 1.73),
(2233, 9, 168, 1.28),
(2234, 6, 129, 0.29),
(2235, 2, 117, 3.68),
(2236, 9, 94, 1.77),
(2237, 3, 1, 1.84),
(2238, 10, 15, 4.4),
(2239, 2, 35, 2.27),
(2240, 8, 25, 2.88),
(2241, 6, 121, 4.42),
(2242, 5, 90, 0.89),
(2243, 5, 95, 1.89),
(2244, 4, 86, 1.94),
(2245, 6, 91, 4.47),
(2246, 11, 37, 0.43),
(2247, 9, 150, 3.36),
(2248, 10, 78, 2.37),
(2249, 1, 4, 4.17),
(2250, 2, 10, 4.68),
(2251, 6, 139, 1.4),
(2252, 2, 125, 0.62),
(2253, 7, 74, 1.83),
(2254, 7, 172, 4.6),
(2255, 9, 2, 3.85),
(2256, 10, 156, 3.97),
(2257, 5, 104, 3.48),
(2258, 9, 128, 1.26),
(2259, 2, 175, 1.98),
(2260, 1, 39, 4.08),
(2261, 5, 140, 2.66),
(2262, 4, 21, 2.72),
(2263, 5, 45, 0.49),
(2264, 9, 87, 0.66),
(2265, 3, 130, 4.61),
(2266, 6, 94, 1.09),
(2267, 6, 5, 2.57),
(2268, 6, 169, 0.84),
(2269, 1, 134, 2.68),
(2270, 6, 139, 2.03),
(2271, 9, 79, 4.9),
(2272, 7, 7, 1.98),
(2273, 10, 33, 1.35),
(2274, 9, 49, 4.42),
(2275, 7, 82, 1.92),
(2276, 7, 128, 4.1),
(2277, 11, 82, 1.47),
(2278, 2, 138, 2.11),
(2279, 10, 155, 3.99),
(2280, 5, 138, 2.5),
(2281, 3, 112, 2.02),
(2282, 2, 124, 4.34),
(2283, 4, 159, 2.48),
(2284, 10, 139, 1.42),
(2285, 2, 134, 1.67),
(2286, 6, 50, 5),
(2287, 2, 163, 4.78),
(2288, 1, 98, 2.3),
(2289, 8, 3, 0.17),
(2290, 2, 96, 1.3),
(2291, 8, 150, 4.81),
(2292, 4, 144, 4.73),
(2293, 4, 173, 3.44),
(2294, 7, 152, 2.18),
(2295, 8, 13, 1.56),
(2296, 4, 153, 0.69),
(2297, 2, 79, 3.3),
(2298, 1, 5, 0.59),
(2299, 6, 40, 2.8),
(2300, 2, 4, 3.37),
(2301, 4, 98, 3.77),
(2302, 2, 95, 0.74),
(2303, 2, 73, 2.46),
(2304, 3, 148, 1.51),
(2305, 1, 78, 4.75),
(2306, 6, 83, 4.46),
(2307, 2, 144, 3.36),
(2308, 11, 168, 3.33),
(2309, 7, 135, 0.37),
(2310, 2, 88, 0.02),
(2311, 7, 144, 1.41),
(2312, 1, 59, 2.57),
(2313, 7, 81, 2.17),
(2314, 10, 160, 4.5),
(2315, 10, 100, 1.03),
(2316, 5, 51, 1.3),
(2317, 6, 95, 1.2),
(2318, 7, 73, 0.61),
(2319, 5, 131, 1.75),
(2320, 7, 163, 3.63),
(2321, 11, 87, 3),
(2322, 7, 5, 2.18),
(2323, 2, 37, 3.5),
(2324, 10, 71, 1.31),
(2325, 2, 158, 4.83),
(2326, 3, 32, 1.17),
(2327, 8, 94, 3.21),
(2328, 8, 77, 0.57),
(2329, 4, 23, 3.71),
(2330, 4, 83, 1.35),
(2331, 11, 19, 2.86),
(2332, 6, 3, 2.13),
(2333, 2, 35, 3.38),
(2334, 9, 3, 3.19),
(2335, 2, 153, 3.79),
(2336, 3, 10, 2.3),
(2337, 2, 66, 1.81),
(2338, 8, 100, 2.79),
(2339, 2, 9, 4.02),
(2340, 10, 175, 0.97),
(2341, 1, 145, 3.79),
(2342, 5, 134, 2.43),
(2343, 3, 113, 2.35),
(2344, 6, 175, 2.01),
(2345, 2, 64, 2.13),
(2346, 1, 16, 1.07),
(2347, 9, 76, 3.22),
(2348, 11, 168, 3.52),
(2349, 9, 116, 4.72),
(2350, 9, 33, 2.4),
(2351, 10, 164, 4.57),
(2352, 10, 100, 0.84),
(2353, 3, 84, 3.65),
(2354, 3, 27, 4.63),
(2355, 3, 34, 1.71),
(2356, 2, 141, 2),
(2357, 8, 25, 3.4),
(2358, 11, 169, 3.32),
(2359, 6, 122, 3.79),
(2360, 9, 110, 3.5),
(2361, 8, 55, 2.29),
(2362, 5, 108, 3.94),
(2363, 2, 77, 3.23),
(2364, 11, 157, 2.24),
(2365, 8, 158, 2.15),
(2366, 6, 71, 1.71),
(2367, 6, 125, 4),
(2368, 11, 55, 3.41),
(2369, 6, 88, 4.54),
(2370, 1, 126, 1.13),
(2371, 1, 99, 2.88),
(2372, 3, 102, 0.14),
(2373, 6, 37, 3.22),
(2374, 7, 26, 4.24),
(2375, 10, 105, 2.02),
(2376, 4, 48, 2.1),
(2377, 4, 58, 3.25),
(2378, 4, 96, 3.76),
(2379, 2, 113, 2.9),
(2380, 1, 81, 0.61),
(2381, 3, 179, 0.62),
(2382, 8, 164, 2.82),
(2383, 2, 146, 3.59),
(2384, 3, 140, 1.48),
(2385, 2, 176, 1.71),
(2386, 9, 175, 2.11),
(2387, 3, 152, 2.62),
(2388, 2, 178, 2.88),
(2389, 11, 168, 4.24),
(2390, 5, 131, 1.2),
(2391, 1, 88, 1.47),
(2392, 1, 39, 0.02),
(2393, 5, 163, 1.76),
(2394, 1, 47, 0.48),
(2395, 8, 46, 0.63),
(2396, 10, 8, 2.75),
(2397, 7, 92, 3.18),
(2398, 8, 71, 4.82),
(2399, 8, 73, 0.15),
(2400, 11, 114, 1.58),
(2401, 8, 96, 2.75),
(2402, 2, 36, 2.36),
(2403, 9, 84, 4.9),
(2404, 6, 115, 3.12),
(2405, 3, 43, 2.55),
(2406, 10, 126, 4.68),
(2407, 7, 30, 0.16),
(2408, 8, 50, 1.76),
(2409, 11, 112, 1.38),
(2410, 6, 151, 2.78),
(2411, 4, 142, 0.16),
(2412, 9, 179, 2.42),
(2413, 6, 153, 4.21),
(2414, 8, 160, 1.82),
(2415, 2, 140, 1.69),
(2416, 5, 156, 0.84),
(2417, 3, 152, 1.84),
(2418, 4, 107, 4.59),
(2419, 10, 70, 2.21),
(2420, 1, 175, 3.26),
(2421, 5, 157, 1.18),
(2422, 7, 38, 1.39),
(2423, 9, 9, 4.52),
(2424, 5, 38, 4.38),
(2425, 9, 36, 3.43),
(2426, 10, 30, 1.38),
(2427, 10, 115, 2.39),
(2428, 6, 12, 4.05),
(2429, 10, 164, 4.58),
(2430, 10, 113, 2.38),
(2431, 6, 35, 1.91),
(2432, 4, 98, 3.45),
(2433, 10, 15, 4.56),
(2434, 4, 157, 1.85),
(2435, 3, 27, 4.9),
(2436, 6, 66, 2.14),
(2437, 1, 178, 3.73),
(2438, 9, 130, 0.96),
(2439, 10, 97, 0.95),
(2440, 4, 40, 0.12),
(2441, 6, 40, 3.61),
(2442, 11, 109, 0.64),
(2443, 10, 156, 3.72),
(2444, 2, 92, 0.44),
(2445, 11, 63, 4.83),
(2446, 9, 11, 4.56),
(2447, 5, 41, 4.76),
(2448, 1, 101, 2.64),
(2449, 11, 54, 2.8),
(2450, 11, 158, 3.04),
(2451, 5, 64, 2.31),
(2452, 3, 156, 2.73),
(2453, 2, 25, 1.06),
(2454, 8, 114, 0.92),
(2455, 1, 111, 4.74),
(2456, 11, 129, 4.15),
(2457, 1, 104, 4.06),
(2458, 4, 59, 2.77),
(2459, 9, 66, 2.02),
(2460, 11, 81, 2.1),
(2461, 9, 111, 3.6),
(2462, 9, 130, 1.23),
(2463, 1, 124, 0.83),
(2464, 9, 75, 3.58),
(2465, 4, 100, 3.67),
(2466, 1, 162, 2.05),
(2467, 5, 110, 4.66),
(2468, 10, 77, 2.85),
(2469, 7, 46, 2.39),
(2470, 7, 133, 3.85),
(2471, 8, 168, 3.45),
(2472, 8, 49, 1.7),
(2473, 10, 83, 2.97),
(2474, 7, 43, 1.82),
(2475, 2, 87, 0.19),
(2476, 9, 130, 1.42),
(2477, 3, 90, 3.26),
(2478, 9, 179, 2.86),
(2479, 10, 136, 0.34),
(2480, 2, 48, 0.11),
(2481, 4, 108, 4.81),
(2482, 1, 50, 1.41),
(2483, 7, 15, 3.24),
(2484, 11, 6, 0.83),
(2485, 2, 122, 4.81),
(2486, 9, 10, 4.44),
(2487, 4, 146, 0.67),
(2488, 3, 165, 3.81),
(2489, 1, 25, 2.05),
(2490, 8, 7, 1.05),
(2491, 11, 22, 3.66),
(2492, 4, 68, 4.64),
(2493, 6, 147, 2.41),
(2494, 11, 89, 2.48),
(2495, 1, 96, 3.12),
(2496, 6, 151, 2.66),
(2497, 2, 42, 3.28),
(2498, 7, 180, 0.88),
(2499, 10, 2, 1.56),
(2500, 6, 137, 0.83),
(2501, 7, 54, 4.03),
(2502, 2, 51, 4.9),
(2503, 1, 64, 2.88),
(2504, 10, 79, 3.39),
(2505, 1, 68, 3.09),
(2506, 11, 6, 1.06),
(2507, 11, 46, 1.67),
(2508, 10, 95, 4.52),
(2509, 11, 6, 1.48),
(2510, 5, 19, 1.63),
(2511, 4, 111, 0.49),
(2512, 8, 3, 0.38),
(2513, 4, 86, 1.72),
(2514, 4, 88, 2.49),
(2515, 1, 136, 2.99),
(2516, 9, 170, 2.21),
(2517, 5, 126, 1.31),
(2518, 3, 59, 4.78),
(2519, 9, 31, 2.09),
(2520, 7, 122, 3.03),
(2521, 1, 43, 0.73),
(2522, 1, 125, 1.82),
(2523, 9, 126, 0.97),
(2524, 10, 160, 3.69),
(2525, 1, 177, 3.87),
(2526, 11, 64, 4.71),
(2527, 8, 90, 2.4),
(2528, 11, 24, 4.52),
(2529, 2, 177, 2.29),
(2530, 5, 86, 1.21),
(2531, 9, 49, 4.67),
(2532, 10, 100, 0.7),
(2533, 1, 150, 4.91),
(2534, 5, 39, 3.9),
(2535, 3, 170, 4.61),
(2536, 9, 36, 3.05),
(2537, 6, 81, 4.34),
(2538, 1, 73, 5),
(2539, 9, 177, 2.47),
(2540, 6, 41, 2.51),
(2541, 10, 121, 4.14),
(2542, 2, 38, 3.1),
(2543, 6, 102, 1.69),
(2544, 1, 13, 1.48),
(2545, 3, 85, 2.59),
(2546, 3, 73, 2.13),
(2547, 11, 71, 0.68),
(2548, 6, 36, 2.03),
(2549, 5, 8, 4.26),
(2550, 2, 21, 0.8),
(2551, 6, 151, 3.82),
(2552, 4, 68, 4.37),
(2553, 3, 107, 1.09),
(2554, 4, 177, 4.49),
(2555, 7, 21, 4.4),
(2556, 1, 120, 0.56),
(2557, 7, 106, 0.78),
(2558, 1, 128, 2.15),
(2559, 1, 154, 0.74),
(2560, 3, 101, 0.9),
(2561, 3, 114, 2.21),
(2562, 4, 54, 2.53),
(2563, 8, 125, 2.59),
(2564, 6, 16, 4.23),
(2565, 11, 61, 3.74),
(2566, 9, 81, 0.02),
(2567, 8, 81, 0.72),
(2568, 5, 96, 2.34),
(2569, 9, 66, 2.75),
(2570, 8, 119, 1.45),
(2571, 6, 103, 1.88),
(2572, 2, 138, 1.37),
(2573, 1, 111, 4.01),
(2574, 2, 83, 3.81),
(2575, 5, 167, 1.4),
(2576, 8, 66, 4.45),
(2577, 4, 23, 2.78),
(2578, 5, 61, 2.4),
(2579, 5, 91, 1.67),
(2580, 2, 155, 3.76),
(2581, 3, 133, 0.39),
(2582, 3, 130, 0.08),
(2583, 11, 107, 0.83),
(2584, 1, 146, 4.17),
(2585, 9, 54, 0.97),
(2586, 1, 155, 0.01),
(2587, 6, 49, 4.93),
(2588, 2, 116, 4.11),
(2589, 3, 100, 0.72),
(2590, 1, 166, 1.76),
(2591, 1, 13, 1.3),
(2592, 2, 131, 1.56),
(2593, 5, 6, 4.9),
(2594, 9, 13, 4.68),
(2595, 6, 106, 2.36),
(2596, 7, 119, 2.14),
(2597, 2, 108, 2.18),
(2598, 5, 130, 1.85),
(2599, 8, 69, 4.02),
(2600, 10, 178, 1.32),
(2601, 5, 24, 2.42),
(2602, 1, 133, 2.8),
(2603, 7, 56, 3.68),
(2604, 9, 113, 4.09),
(2605, 3, 115, 2.59),
(2606, 8, 157, 1.43),
(2607, 10, 49, 4.36),
(2608, 7, 29, 0.64),
(2609, 2, 80, 3.45),
(2610, 2, 116, 3.82),
(2611, 10, 41, 2.07),
(2612, 5, 133, 2.35),
(2613, 2, 69, 2.1),
(2614, 11, 102, 4.55),
(2615, 10, 110, 2.13),
(2616, 4, 52, 2.4),
(2617, 7, 60, 4.92),
(2618, 11, 129, 3.81),
(2619, 8, 13, 1.64),
(2620, 5, 36, 3.4),
(2621, 9, 2, 3.06),
(2622, 1, 65, 3.28),
(2623, 3, 22, 4.76),
(2624, 5, 27, 2.59),
(2625, 2, 43, 3.51),
(2626, 9, 170, 1.23),
(2627, 5, 71, 3.36),
(2628, 3, 173, 0.91),
(2629, 1, 127, 1.72),
(2630, 7, 19, 3.16),
(2631, 10, 69, 1.61),
(2632, 6, 76, 3.28),
(2633, 1, 34, 4.12),
(2634, 7, 70, 1.02),
(2635, 10, 134, 0.38),
(2636, 2, 109, 2.54),
(2637, 9, 30, 3.06),
(2638, 7, 178, 1.08),
(2639, 2, 7, 3.79),
(2640, 8, 35, 4.36),
(2641, 9, 58, 1.09),
(2642, 2, 12, 4.45),
(2643, 3, 115, 1.84),
(2644, 11, 120, 2.22),
(2645, 3, 154, 2.66),
(2646, 2, 177, 2.62),
(2647, 8, 172, 3.16),
(2648, 4, 120, 1.88),
(2649, 10, 64, 0.36),
(2650, 4, 52, 2.6),
(2651, 9, 35, 3.48),
(2652, 11, 85, 3.06),
(2653, 8, 76, 0.67),
(2654, 5, 126, 1),
(2655, 11, 8, 2.1),
(2656, 11, 116, 1.26),
(2657, 4, 175, 3.99),
(2658, 2, 13, 0.3),
(2659, 2, 56, 1.2),
(2660, 4, 124, 2.91),
(2661, 10, 97, 0.43),
(2662, 10, 171, 1),
(2663, 2, 41, 3.1),
(2664, 5, 56, 1.14),
(2665, 3, 76, 2.13),
(2666, 10, 18, 4.36),
(2667, 1, 123, 1.07),
(2668, 1, 101, 3.25),
(2669, 7, 2, 1.31),
(2670, 4, 120, 2.18),
(2671, 3, 120, 3.64),
(2672, 8, 17, 2.51),
(2673, 3, 113, 2.19),
(2674, 4, 54, 2.61),
(2675, 8, 5, 4.82),
(2676, 9, 156, 0.18),
(2677, 7, 173, 4.59),
(2678, 9, 172, 2.52),
(2679, 8, 167, 2.66),
(2680, 10, 168, 4.53),
(2681, 9, 14, 0.48),
(2682, 3, 4, 1.5),
(2683, 5, 61, 1.61),
(2684, 7, 18, 3.28),
(2685, 11, 174, 4.23),
(2686, 4, 34, 4.45),
(2687, 10, 146, 1.72),
(2688, 4, 85, 2.22),
(2689, 9, 133, 1.14),
(2690, 11, 6, 1.56),
(2691, 6, 80, 3.88),
(2692, 7, 85, 3.24),
(2693, 10, 56, 4.85),
(2694, 11, 141, 0.4),
(2695, 1, 15, 1),
(2696, 9, 43, 4.41),
(2697, 8, 156, 0.95),
(2698, 5, 52, 1.52),
(2699, 8, 83, 1.28),
(2700, 11, 147, 1.5),
(2701, 1, 81, 0.14),
(2702, 9, 167, 1.03),
(2703, 3, 125, 3.3),
(2704, 3, 33, 1.03),
(2705, 6, 148, 3.12),
(2706, 8, 87, 1.87),
(2707, 5, 15, 0.44),
(2708, 3, 127, 4.55),
(2709, 6, 103, 2.3),
(2710, 7, 109, 1.01),
(2711, 3, 89, 3.98),
(2712, 6, 28, 1.15),
(2713, 8, 148, 4.87),
(2714, 5, 35, 3.38),
(2715, 9, 9, 3.94),
(2716, 9, 114, 3.7),
(2717, 10, 162, 4.93),
(2718, 3, 63, 4.72),
(2719, 8, 110, 4.77),
(2720, 11, 169, 3.94),
(2721, 2, 62, 1.38),
(2722, 4, 178, 4.08),
(2723, 2, 45, 4.05),
(2724, 4, 24, 3.58),
(2725, 3, 146, 2.27),
(2726, 10, 167, 0.12),
(2727, 4, 134, 3.01),
(2728, 9, 37, 3.03),
(2729, 5, 53, 0.94),
(2730, 1, 144, 3.68),
(2731, 4, 65, 4.19),
(2732, 2, 21, 0.9),
(2733, 7, 53, 3.74),
(2734, 10, 26, 0.31),
(2735, 10, 49, 3.39),
(2736, 7, 159, 3.16),
(2737, 6, 142, 1.55),
(2738, 3, 10, 3.33),
(2739, 2, 159, 4.29),
(2740, 8, 134, 3.53),
(2741, 4, 82, 1.53),
(2742, 2, 178, 1.85),
(2743, 10, 76, 1.88),
(2744, 7, 1, 0.71),
(2745, 8, 12, 1.08),
(2746, 10, 148, 1.95),
(2747, 6, 68, 1.75),
(2748, 7, 15, 2.62),
(2749, 5, 60, 2.47),
(2750, 6, 178, 2.11),
(2751, 2, 108, 2.22),
(2752, 5, 161, 0.54),
(2753, 10, 10, 3.19),
(2754, 1, 46, 0.77),
(2755, 1, 117, 0.8),
(2756, 10, 154, 3.23),
(2757, 8, 88, 1.79),
(2758, 4, 119, 1.23),
(2759, 3, 103, 0.23),
(2760, 6, 97, 0.25),
(2761, 8, 30, 4.12),
(2762, 7, 123, 2.51),
(2763, 6, 157, 4.5),
(2764, 10, 150, 2.02),
(2765, 7, 99, 0.32),
(2766, 8, 47, 1.11),
(2767, 4, 1, 0.08),
(2768, 1, 53, 1.23),
(2769, 4, 14, 1.45),
(2770, 3, 47, 3.01),
(2771, 3, 74, 1.51),
(2772, 4, 102, 4.57),
(2773, 10, 130, 4.57),
(2774, 5, 65, 2.63),
(2775, 7, 36, 1.56),
(2776, 11, 171, 3.96),
(2777, 2, 45, 4.34),
(2778, 7, 68, 0.38),
(2779, 3, 15, 3.06),
(2780, 10, 51, 4.65),
(2781, 9, 47, 4.28),
(2782, 6, 176, 1.65),
(2783, 9, 131, 1.88),
(2784, 8, 86, 1.02),
(2785, 7, 69, 0.53),
(2786, 5, 118, 0.26),
(2787, 4, 84, 1.63),
(2788, 3, 52, 3.28),
(2789, 5, 33, 3),
(2790, 6, 97, 1.31),
(2791, 8, 144, 4.14),
(2792, 9, 49, 0.45),
(2793, 8, 176, 4.57),
(2794, 8, 97, 3.52),
(2795, 11, 89, 3.46),
(2796, 11, 154, 1.4),
(2797, 10, 84, 3.68),
(2798, 4, 46, 1.95),
(2799, 3, 139, 1.39),
(2800, 1, 106, 3.28),
(2801, 6, 132, 0.12),
(2802, 11, 110, 1.04),
(2803, 3, 95, 4.61),
(2804, 1, 83, 0.67),
(2805, 4, 30, 4.43),
(2806, 11, 1, 1.1),
(2807, 1, 141, 3.11),
(2808, 9, 9, 4.49),
(2809, 4, 2, 0.09),
(2810, 1, 52, 1.09),
(2811, 3, 98, 4.93),
(2812, 4, 108, 0.23),
(2813, 5, 14, 0.24),
(2814, 1, 168, 2.89),
(2815, 2, 159, 0.08),
(2816, 5, 37, 3.28),
(2817, 8, 73, 4.97),
(2818, 9, 150, 4.27),
(2819, 9, 69, 2.59),
(2820, 6, 137, 1.94),
(2821, 8, 42, 0.56),
(2822, 10, 6, 2.67),
(2823, 7, 51, 3.34),
(2824, 6, 94, 0.3),
(2825, 9, 112, 4.03),
(2826, 2, 84, 3.88),
(2827, 6, 29, 1.5),
(2828, 1, 44, 0.57),
(2829, 10, 163, 4.69),
(2830, 1, 37, 4.96),
(2831, 4, 150, 0.26),
(2832, 9, 133, 1.66),
(2833, 6, 56, 0.78),
(2834, 10, 150, 2.72),
(2835, 3, 110, 1.46),
(2836, 8, 60, 3.54),
(2837, 7, 125, 3.77),
(2838, 8, 51, 1.4),
(2839, 7, 168, 4.8),
(2840, 1, 51, 1.46),
(2841, 7, 45, 1.75),
(2842, 1, 5, 0.44),
(2843, 4, 100, 3.27),
(2844, 7, 32, 4.93),
(2845, 5, 15, 0.92),
(2846, 8, 150, 0.48),
(2847, 1, 137, 3.78),
(2848, 6, 52, 4.46),
(2849, 7, 67, 0.05),
(2850, 11, 126, 3.2),
(2851, 2, 119, 4.7),
(2852, 9, 150, 4.66),
(2853, 3, 28, 0.94),
(2854, 6, 156, 4.22),
(2855, 8, 120, 1.88),
(2856, 11, 76, 1.8),
(2857, 6, 117, 2.93),
(2858, 11, 42, 0.74),
(2859, 1, 152, 0.07),
(2860, 7, 137, 0.52),
(2861, 3, 169, 4.53),
(2862, 9, 177, 3.32),
(2863, 5, 173, 2.96),
(2864, 2, 135, 2.08),
(2865, 10, 175, 1.46),
(2866, 7, 175, 0.62),
(2867, 8, 46, 0.36),
(2868, 7, 152, 1.81),
(2869, 4, 69, 0.06),
(2870, 11, 111, 1.35),
(2871, 6, 138, 1.24),
(2872, 11, 19, 3.05),
(2873, 9, 155, 0.25),
(2874, 8, 60, 2.74),
(2875, 9, 28, 2.45),
(2876, 11, 87, 2.08),
(2877, 8, 180, 0.05),
(2878, 1, 65, 2.79),
(2879, 8, 167, 2.17),
(2880, 5, 142, 3.24),
(2881, 10, 102, 0.56),
(2882, 10, 1, 2.08),
(2883, 1, 16, 1.18),
(2884, 11, 159, 3.1),
(2885, 6, 98, 1.3),
(2886, 8, 113, 0.32),
(2887, 6, 18, 0.57),
(2888, 4, 8, 1.86),
(2889, 9, 106, 3.47),
(2890, 8, 96, 2.35),
(2891, 9, 79, 4.27),
(2892, 11, 54, 2.82),
(2893, 11, 175, 0.13),
(2894, 3, 25, 4.73),
(2895, 4, 142, 4.63),
(2896, 4, 128, 3.12),
(2897, 1, 35, 4.59),
(2898, 1, 60, 2.94),
(2899, 11, 8, 1.58),
(2900, 6, 63, 1.75),
(2901, 8, 98, 2.72),
(2902, 2, 160, 0.53),
(2903, 10, 17, 4.04),
(2904, 9, 75, 3.83),
(2905, 7, 119, 2.49),
(2906, 6, 29, 1),
(2907, 6, 7, 3.03),
(2908, 11, 136, 0.03),
(2909, 9, 165, 0.88),
(2910, 2, 52, 4.62),
(2911, 9, 17, 0.71),
(2912, 5, 135, 2.03),
(2913, 9, 146, 3),
(2914, 7, 33, 0.58),
(2915, 1, 153, 0.54),
(2916, 1, 127, 2.39),
(2917, 4, 11, 2.02),
(2918, 10, 181, 2.28),
(2919, 4, 14, 2.56),
(2920, 4, 23, 3.08),
(2921, 8, 130, 2.2),
(2922, 1, 172, 2.89),
(2923, 1, 89, 1.52),
(2924, 1, 71, 3.78),
(2925, 7, 151, 1.47),
(2926, 11, 4, 0.73),
(2927, 8, 173, 3.66),
(2928, 9, 143, 2.77),
(2929, 5, 62, 2.54),
(2930, 6, 7, 3.17),
(2931, 1, 83, 0.37),
(2932, 11, 139, 4.17);
INSERT INTO `RATINGS` (`RATING_ID`, `USER_ID`, `FOOD_ID`, `RATING`) VALUES
(2933, 10, 155, 3.23),
(2934, 8, 79, 0.71),
(2935, 5, 113, 4.43),
(2936, 7, 28, 0.41),
(2937, 11, 90, 3.13),
(2938, 8, 65, 4.21),
(2939, 2, 29, 1.95),
(2940, 6, 33, 2.5),
(2941, 11, 47, 2.18),
(2942, 5, 134, 2.27),
(2943, 1, 173, 2.84),
(2944, 11, 41, 0.79),
(2945, 2, 28, 1.93),
(2946, 6, 34, 2.65),
(2947, 1, 156, 0.17),
(2948, 7, 150, 1.83),
(2949, 4, 125, 1.84),
(2950, 9, 140, 2.64),
(2951, 4, 14, 1.93),
(2952, 8, 63, 3.09),
(2953, 1, 80, 0.16),
(2954, 10, 13, 4.22),
(2955, 1, 96, 3),
(2956, 5, 58, 1.54),
(2957, 7, 10, 2.38),
(2958, 3, 121, 3.39),
(2959, 5, 163, 1.66),
(2960, 11, 151, 1.27),
(2961, 9, 25, 1.65),
(2962, 3, 45, 2.4),
(2963, 8, 166, 2.79),
(2964, 1, 104, 3.5),
(2965, 9, 154, 4.41),
(2966, 10, 116, 3.09),
(2967, 2, 9, 3.48),
(2968, 4, 106, 4.57),
(2969, 10, 67, 1.86),
(2970, 9, 121, 0.29),
(2971, 4, 57, 3.33),
(2972, 5, 175, 3.2),
(2973, 4, 113, 0.95),
(2974, 1, 152, 4.66),
(2975, 2, 179, 2.27),
(2976, 4, 39, 0.6),
(2977, 11, 83, 1.98),
(2978, 7, 157, 2.48),
(2979, 10, 166, 4.63),
(2980, 10, 125, 3.74),
(2981, 8, 29, 3.79),
(2982, 4, 53, 2.56),
(2983, 8, 165, 2.37),
(2984, 8, 147, 0.48),
(2985, 1, 5, 4.68),
(2986, 7, 37, 1.06),
(2987, 5, 111, 3.53),
(2988, 8, 68, 3.9),
(2989, 9, 95, 1.46),
(2990, 10, 112, 1.89),
(2991, 1, 16, 1.47),
(2992, 3, 34, 1.48),
(2993, 11, 128, 3.81),
(2994, 8, 37, 4.62),
(2995, 1, 48, 1.5),
(2996, 8, 118, 0.61),
(2997, 8, 170, 3.54),
(2998, 9, 94, 1.93),
(2999, 5, 144, 4.01),
(3000, 7, 131, 3.66),
(3001, 6, 52, 4.63),
(3002, 9, 23, 1.37),
(3003, 11, 33, 4.46),
(3004, 11, 172, 4.77),
(3005, 11, 150, 1.53),
(3006, 1, 68, 3.49),
(3007, 5, 134, 2.98),
(3008, 9, 7, 4.46),
(3009, 4, 13, 1.47),
(3010, 3, 82, 2.27),
(3011, 11, 38, 1.46),
(3012, 10, 62, 0.84),
(3013, 10, 112, 3.01),
(3014, 2, 2, 2.8),
(3015, 9, 32, 2.82),
(3016, 4, 139, 4.82),
(3017, 6, 123, 4.25),
(3018, 3, 95, 4.89),
(3019, 4, 120, 1.66),
(3020, 8, 83, 1.01),
(3021, 8, 111, 0.67),
(3022, 10, 137, 1.35),
(3023, 1, 117, 4.71),
(3024, 9, 14, 0.21),
(3025, 11, 139, 4.51),
(3026, 3, 62, 0.35),
(3027, 4, 81, 1.12),
(3028, 9, 51, 0.11),
(3029, 4, 59, 3.87),
(3030, 10, 40, 1.85),
(3031, 3, 158, 3.77),
(3032, 2, 104, 1.73),
(3033, 1, 15, 1.64),
(3034, 5, 1, 4.14),
(3035, 2, 27, 1.8),
(3036, 4, 127, 2.19),
(3037, 1, 23, 1.74),
(3038, 5, 148, 4.79),
(3039, 4, 159, 1.68),
(3040, 1, 45, 0.34),
(3041, 7, 150, 1.61),
(3042, 2, 119, 4.46),
(3043, 6, 151, 3.28),
(3044, 9, 172, 1.91),
(3045, 1, 40, 4.32),
(3046, 8, 139, 4.04),
(3047, 9, 58, 1.67),
(3048, 8, 109, 4.13),
(3049, 4, 41, 0.52),
(3050, 10, 165, 0.09),
(3051, 4, 134, 3.1),
(3052, 10, 99, 0.37),
(3053, 9, 86, 0.72),
(3054, 4, 19, 2.95),
(3055, 8, 82, 1.62),
(3056, 3, 67, 0.15),
(3057, 1, 30, 3.28),
(3058, 9, 2, 3.26),
(3059, 3, 44, 2.37),
(3060, 8, 153, 1.27),
(3061, 9, 176, 3.1),
(3062, 2, 7, 3.23),
(3063, 2, 118, 4.47),
(3064, 6, 169, 0.46),
(3065, 8, 10, 1.31),
(3066, 2, 180, 2.48),
(3067, 6, 5, 3.03),
(3068, 11, 1, 0.6),
(3069, 7, 106, 0.79),
(3070, 1, 126, 1.82),
(3071, 9, 110, 4.07),
(3072, 3, 146, 1.39),
(3073, 11, 4, 0.98),
(3074, 11, 178, 0.78),
(3075, 10, 139, 1.4),
(3076, 2, 125, 0.6),
(3077, 6, 61, 0.26),
(3078, 3, 24, 4.45),
(3079, 1, 106, 3.82),
(3080, 1, 12, 0.48),
(3081, 4, 37, 0.58),
(3082, 11, 92, 3.13),
(3083, 7, 27, 4.6),
(3084, 2, 6, 3.41),
(3085, 4, 101, 4.04),
(3086, 5, 82, 0.63),
(3087, 4, 6, 1.59),
(3088, 6, 89, 4.91),
(3089, 5, 47, 4.82),
(3090, 1, 62, 2.85),
(3091, 10, 76, 3.06),
(3092, 9, 34, 2.55),
(3093, 11, 82, 1.32),
(3094, 11, 9, 1.61),
(3095, 6, 75, 3.18),
(3096, 11, 149, 1.29),
(3097, 10, 67, 1.83),
(3098, 8, 90, 1.62),
(3099, 2, 128, 0.56),
(3100, 5, 167, 1.23),
(3101, 6, 113, 3.42),
(3102, 7, 134, 0.12),
(3103, 10, 82, 2.68),
(3104, 4, 5, 0.75),
(3105, 8, 165, 2.61),
(3106, 10, 160, 3.68),
(3107, 1, 176, 3.69),
(3108, 9, 128, 0.87),
(3109, 9, 49, 0.33),
(3110, 6, 75, 2.44),
(3111, 3, 108, 1.66),
(3112, 10, 72, 1.74),
(3113, 7, 128, 4.34),
(3114, 3, 97, 4.98),
(3115, 5, 160, 1.44),
(3116, 9, 18, 0.53),
(3117, 3, 160, 3.48),
(3118, 10, 11, 4.07),
(3119, 10, 1, 1.72),
(3120, 8, 95, 2.35),
(3121, 9, 96, 1.42),
(3122, 10, 59, 0.58),
(3123, 7, 121, 2.56),
(3124, 7, 59, 4.45),
(3125, 6, 137, 1.53),
(3126, 4, 84, 2.43),
(3127, 1, 137, 3.21),
(3128, 11, 150, 1.4),
(3129, 11, 138, 0.16),
(3130, 10, 61, 0.07),
(3131, 1, 50, 0.9),
(3132, 1, 156, 0.27),
(3133, 8, 57, 2.41),
(3134, 6, 165, 0.66),
(3135, 11, 47, 2.52),
(3136, 9, 39, 4.19),
(3137, 6, 35, 1.69),
(3138, 2, 103, 2.45),
(3139, 9, 46, 0.1),
(3140, 4, 122, 1.64),
(3141, 7, 24, 3.95),
(3142, 7, 75, 1.89),
(3143, 8, 30, 4.17),
(3144, 8, 163, 2.28),
(3145, 7, 100, 4.95),
(3146, 4, 102, 4.44),
(3147, 9, 20, 1.34),
(3148, 1, 54, 2.09),
(3149, 3, 137, 0.8),
(3150, 6, 42, 2.64),
(3151, 11, 25, 4.26),
(3152, 10, 128, 4.81),
(3153, 8, 108, 4.44),
(3154, 8, 109, 0.25),
(3155, 5, 13, 0.05),
(3156, 10, 37, 2.39),
(3157, 9, 81, 4.54),
(3158, 3, 49, 3.69),
(3159, 10, 46, 2.93),
(3160, 2, 14, 4.41),
(3161, 3, 49, 3.92),
(3162, 2, 45, 4.32),
(3163, 7, 61, 4.61),
(3164, 7, 43, 1.88),
(3165, 2, 135, 0.93),
(3166, 8, 179, 4.05),
(3167, 1, 181, 3.61),
(3168, 7, 173, 4.48),
(3169, 7, 74, 0.92),
(3170, 8, 165, 2.38),
(3171, 8, 150, 0.91),
(3172, 5, 110, 3.69),
(3173, 10, 25, 0.33),
(3174, 11, 76, 1.59),
(3175, 4, 136, 3.56),
(3176, 4, 82, 1.55),
(3177, 3, 9, 3.29),
(3178, 2, 135, 1.44),
(3179, 3, 30, 1.01),
(3180, 6, 178, 1.79),
(3181, 10, 30, 1.35),
(3182, 10, 90, 4.47),
(3183, 11, 40, 0.81),
(3184, 2, 47, 4.22),
(3185, 5, 126, 0.62),
(3186, 7, 66, 0.86),
(3187, 9, 66, 2.35),
(3188, 3, 171, 4.54),
(3189, 8, 151, 0.08),
(3190, 7, 164, 3.74),
(3191, 1, 163, 1.97),
(3192, 4, 41, 1.41),
(3193, 9, 150, 4.63),
(3194, 2, 179, 2.31),
(3195, 4, 73, 4.65),
(3196, 5, 84, 4.75),
(3197, 5, 3, 4.77),
(3198, 9, 142, 3.58),
(3199, 3, 9, 2.54),
(3200, 5, 90, 1.28),
(3201, 9, 45, 4.04),
(3202, 4, 26, 3.88),
(3203, 5, 165, 1.02),
(3204, 4, 154, 1.8),
(3205, 3, 38, 1.35),
(3206, 8, 148, 4.47),
(3207, 1, 85, 1.26),
(3208, 10, 94, 0.04),
(3209, 6, 83, 3.97),
(3210, 7, 115, 1.74),
(3211, 10, 36, 2.19),
(3212, 7, 122, 2.88),
(3213, 10, 105, 1.47),
(3214, 9, 155, 0.17),
(3215, 7, 166, 3.84),
(3216, 2, 32, 2.91),
(3217, 5, 38, 4.3),
(3218, 8, 152, 0.62),
(3219, 2, 39, 3.62),
(3220, 11, 124, 2.51),
(3221, 6, 149, 3.53),
(3222, 1, 40, 4.44),
(3223, 9, 52, 0.3),
(3224, 5, 2, 3.64),
(3225, 7, 162, 3.1),
(3226, 5, 44, 4.68),
(3227, 11, 180, 0.41),
(3228, 5, 164, 1.16),
(3229, 5, 101, 2.17),
(3230, 6, 31, 1.81),
(3231, 4, 80, 1.38),
(3232, 1, 93, 1.73),
(3233, 3, 176, 1.22),
(3234, 4, 147, 0.59),
(3235, 2, 86, 4.35),
(3236, 11, 6, 1.9),
(3237, 9, 155, 4.41),
(3238, 10, 102, 1.38),
(3239, 8, 121, 1.15),
(3240, 2, 13, 4.49),
(3241, 4, 128, 3.36),
(3242, 3, 44, 2.29),
(3243, 7, 84, 2.96),
(3244, 7, 26, 4.79),
(3245, 5, 172, 3.2),
(3246, 4, 160, 1.63),
(3247, 11, 172, 3.94),
(3248, 2, 22, 1.53),
(3249, 2, 169, 0.68),
(3250, 10, 11, 3.09),
(3251, 11, 130, 4.18),
(3252, 1, 116, 0.56),
(3253, 8, 157, 2.01),
(3254, 5, 162, 1.02),
(3255, 4, 20, 2.51),
(3256, 3, 81, 3.24),
(3257, 10, 108, 1.18),
(3258, 5, 61, 2.25),
(3259, 3, 157, 3.02),
(3260, 5, 51, 0.68),
(3261, 10, 153, 3.31),
(3262, 9, 168, 1.44),
(3263, 8, 77, 0.7),
(3264, 5, 138, 2.48),
(3265, 3, 88, 4.2),
(3266, 9, 38, 4.02),
(3267, 5, 105, 3.5),
(3268, 9, 128, 1.25),
(3269, 2, 161, 0.27),
(3270, 7, 163, 3.24),
(3271, 7, 147, 2.01),
(3272, 7, 122, 3.19),
(3273, 2, 174, 1.34),
(3274, 6, 94, 0.95),
(3275, 5, 79, 4.79),
(3276, 6, 111, 2.79),
(3277, 11, 23, 3.74),
(3278, 5, 105, 3.96),
(3279, 3, 137, 0.48),
(3280, 3, 147, 1.92),
(3281, 6, 57, 0.42),
(3282, 6, 26, 1.41),
(3283, 11, 9, 1.47),
(3284, 4, 140, 4.34),
(3285, 1, 96, 2.8),
(3286, 3, 72, 1.7),
(3287, 6, 92, 0.04),
(3288, 6, 114, 2.77),
(3289, 10, 134, 0.29),
(3290, 1, 31, 3.2),
(3291, 8, 102, 3.58),
(3292, 10, 62, 0.03),
(3293, 1, 8, 0.85),
(3294, 9, 25, 2.45),
(3295, 1, 137, 3.12),
(3296, 10, 86, 3.76),
(3297, 4, 87, 1.73),
(3298, 4, 79, 1.38),
(3299, 1, 113, 4.16),
(3300, 4, 178, 0.06),
(3301, 2, 107, 2.8),
(3302, 1, 92, 2.09),
(3303, 7, 113, 1.88),
(3304, 1, 175, 3.83),
(3305, 11, 68, 0.36),
(3306, 3, 174, 0.49),
(3307, 7, 133, 4.26),
(3308, 1, 133, 2.48),
(3309, 4, 164, 3.37),
(3310, 8, 53, 2.35),
(3311, 6, 176, 2.1),
(3312, 3, 129, 4.83),
(3313, 8, 111, 4.74),
(3314, 11, 129, 4.09),
(3315, 11, 63, 4.19),
(3316, 2, 52, 4.69),
(3317, 10, 72, 2.26),
(3318, 1, 2, 4.11),
(3319, 1, 173, 2.57),
(3320, 8, 2, 4.59),
(3321, 7, 12, 3.15),
(3322, 11, 161, 2.88),
(3323, 3, 63, 0.36),
(3324, 4, 83, 1.42),
(3325, 1, 69, 3.82),
(3326, 8, 15, 1.87),
(3327, 7, 10, 1.77),
(3328, 7, 1, 0.93),
(3329, 11, 1, 1.34),
(3330, 4, 160, 1.93),
(3331, 4, 59, 3.67),
(3332, 8, 48, 1.13),
(3333, 4, 9, 1.04),
(3334, 10, 154, 2.81),
(3335, 3, 113, 1.63),
(3336, 9, 152, 4.54),
(3337, 1, 68, 4),
(3338, 10, 5, 2.34),
(3339, 3, 169, 4.3),
(3340, 6, 171, 0.95),
(3341, 2, 10, 4.48),
(3342, 4, 165, 2.99),
(3343, 3, 85, 2.86),
(3344, 6, 113, 3.49),
(3345, 7, 8, 1.67),
(3346, 6, 130, 4.77),
(3347, 7, 42, 1.49),
(3348, 9, 17, 0.36),
(3349, 1, 34, 3.43),
(3350, 10, 58, 4.86),
(3351, 10, 104, 0.82),
(3352, 2, 7, 4.37),
(3353, 3, 117, 2.33),
(3354, 5, 107, 3.74),
(3355, 11, 117, 1.47),
(3356, 6, 140, 1.3),
(3357, 11, 31, 4.42),
(3358, 10, 161, 3.58),
(3359, 11, 76, 1.79),
(3360, 6, 108, 1.84),
(3361, 1, 33, 3.61),
(3362, 1, 38, 4.03),
(3363, 5, 120, 0.29),
(3364, 4, 65, 4.33),
(3365, 3, 129, 3.84),
(3366, 8, 42, 0.11),
(3367, 5, 11, 0.09),
(3368, 11, 93, 4.04),
(3369, 6, 29, 1.19),
(3370, 8, 160, 1.25),
(3371, 7, 51, 2.91),
(3372, 1, 111, 4.18),
(3373, 4, 45, 0.83),
(3374, 2, 180, 3.37),
(3375, 5, 164, 1.85),
(3376, 2, 105, 2.38),
(3377, 8, 149, 0.72),
(3378, 3, 159, 2.92),
(3379, 4, 138, 4.51),
(3380, 3, 75, 1.98),
(3381, 9, 95, 1.94),
(3382, 5, 123, 1.45),
(3383, 5, 38, 3.95),
(3384, 4, 52, 2.12),
(3385, 3, 14, 2.78),
(3386, 7, 24, 4.91),
(3387, 6, 110, 2.47),
(3388, 8, 143, 4.9),
(3389, 6, 136, 0.64),
(3390, 5, 105, 3.55),
(3391, 10, 177, 2.09),
(3392, 2, 102, 1.62),
(3393, 11, 127, 3.4),
(3394, 4, 90, 2.79),
(3395, 4, 153, 1.48),
(3396, 11, 160, 2.74),
(3397, 2, 151, 4.38),
(3398, 10, 146, 1.75),
(3399, 4, 120, 1.38),
(3400, 5, 30, 3.15),
(3401, 8, 67, 4.38),
(3402, 4, 143, 0.42),
(3403, 1, 9, 0.32),
(3404, 2, 124, 4.44),
(3405, 5, 51, 1.2),
(3406, 4, 13, 1.37),
(3407, 2, 177, 2),
(3408, 1, 33, 3.38),
(3409, 10, 30, 1.51),
(3410, 1, 37, 4.7),
(3411, 2, 122, 0.29),
(3412, 4, 38, 1.08),
(3413, 6, 115, 3.98),
(3414, 1, 6, 4.45),
(3415, 5, 28, 3.37),
(3416, 11, 96, 4.53),
(3417, 11, 4, 1.28),
(3418, 3, 65, 0.52),
(3419, 5, 170, 1.72),
(3420, 10, 92, 4.01),
(3421, 6, 13, 4.31),
(3422, 2, 166, 1.39),
(3423, 8, 71, 0.03),
(3424, 10, 55, 4.62),
(3425, 8, 141, 3.79),
(3426, 6, 3, 3.52),
(3427, 6, 48, 4.45),
(3428, 8, 113, 0.71),
(3429, 10, 142, 1.97),
(3430, 7, 164, 3.31),
(3431, 7, 8, 1.92),
(3432, 9, 154, 4.18),
(3433, 7, 122, 2.22),
(3434, 3, 132, 0.02),
(3435, 10, 33, 1.95),
(3436, 5, 153, 0.09),
(3437, 7, 128, 4.39),
(3438, 3, 130, 3.84),
(3439, 8, 28, 3.42),
(3440, 11, 143, 0.21),
(3441, 10, 15, 4.37),
(3442, 2, 7, 3.97),
(3443, 10, 161, 4.34),
(3444, 8, 151, 0.42),
(3445, 11, 78, 1.6),
(3446, 4, 121, 1.73),
(3447, 9, 116, 4.96),
(3448, 1, 44, 0.32),
(3449, 7, 151, 1.68),
(3450, 3, 169, 0.45),
(3451, 8, 5, 0.73),
(3452, 8, 152, 1.05),
(3453, 7, 22, 4.7),
(3454, 4, 164, 2.39),
(3455, 8, 1, 4.74),
(3456, 9, 148, 4.44),
(3457, 11, 54, 2.51),
(3458, 7, 108, 0.5),
(3459, 9, 63, 2.66),
(3460, 7, 97, 3.96),
(3461, 4, 78, 0.32),
(3462, 1, 177, 3.86),
(3463, 11, 64, 4.83),
(3464, 9, 171, 1.99),
(3465, 2, 120, 3.99),
(3466, 1, 115, 0.76),
(3467, 10, 148, 2.6),
(3468, 2, 33, 2.22),
(3469, 8, 24, 2.81),
(3470, 5, 80, 4.65),
(3471, 4, 151, 0.91),
(3472, 5, 99, 2.38),
(3473, 9, 50, 0.74),
(3474, 11, 31, 0.32),
(3475, 10, 167, 0.64),
(3476, 10, 9, 2.88),
(3477, 9, 173, 2.84),
(3478, 11, 27, 4.14),
(3479, 8, 1, 4.61),
(3480, 7, 43, 1.87),
(3481, 2, 132, 0.58),
(3482, 5, 123, 0.83),
(3483, 9, 92, 0.61),
(3484, 2, 18, 1.09),
(3485, 9, 57, 0.95),
(3486, 1, 82, 1.2),
(3487, 10, 97, 0.58),
(3488, 11, 100, 4.01),
(3489, 5, 80, 0.39),
(3490, 1, 30, 2.91),
(3491, 5, 63, 2.37),
(3492, 4, 41, 0.64),
(3493, 11, 85, 2.16),
(3494, 9, 90, 0.94),
(3495, 6, 135, 1.61),
(3496, 5, 174, 3.24),
(3497, 4, 152, 0.55),
(3498, 1, 165, 1.98),
(3499, 3, 14, 3.03),
(3500, 9, 48, 4.33),
(3501, 6, 21, 4.67),
(3502, 4, 160, 1.96),
(3503, 4, 78, 0.93),
(3504, 8, 114, 1.18),
(3505, 4, 136, 4.35),
(3506, 2, 163, 0.97),
(3507, 4, 142, 0.47),
(3508, 2, 57, 1.06),
(3509, 2, 177, 2.6),
(3510, 8, 138, 3.99),
(3511, 8, 33, 3.8),
(3512, 3, 5, 1.65),
(3513, 7, 169, 4.48),
(3514, 8, 136, 3.43),
(3515, 2, 152, 3.19),
(3516, 8, 94, 2.59),
(3517, 1, 124, 1.34),
(3518, 4, 120, 2.11),
(3519, 2, 69, 2.58),
(3520, 5, 119, 4.79),
(3521, 9, 39, 3.1),
(3522, 6, 77, 3.72),
(3523, 5, 4, 3.7),
(3524, 8, 181, 0.27),
(3525, 4, 45, 1.87),
(3526, 2, 105, 2.28),
(3527, 7, 72, 1.59),
(3528, 5, 14, 0.78),
(3529, 7, 59, 4.68),
(3530, 8, 137, 3.12),
(3531, 10, 85, 3.63),
(3532, 3, 177, 0.95),
(3533, 1, 95, 2.77),
(3534, 3, 65, 0.92),
(3535, 10, 118, 3.63),
(3536, 8, 41, 0.45),
(3537, 9, 105, 2.9),
(3538, 2, 15, 4.5),
(3539, 3, 118, 2.16),
(3540, 3, 141, 1.17),
(3541, 10, 94, 0.23),
(3542, 8, 53, 1.94),
(3543, 1, 39, 4.17),
(3544, 6, 28, 0.79),
(3545, 4, 46, 1.07),
(3546, 4, 172, 3.94),
(3547, 2, 19, 1.21),
(3548, 10, 135, 0.15),
(3549, 11, 98, 4.52),
(3550, 11, 156, 2.81),
(3551, 3, 81, 2.78),
(3552, 5, 96, 1.64),
(3553, 1, 49, 0.98),
(3554, 2, 50, 4.28),
(3555, 5, 126, 0.6),
(3556, 6, 38, 2.5),
(3557, 10, 157, 3.51),
(3558, 11, 86, 3.03),
(3559, 7, 49, 2.48),
(3560, 8, 158, 1.62),
(3561, 1, 24, 2.96),
(3562, 7, 14, 3.26),
(3563, 1, 49, 0.98),
(3564, 2, 59, 0.3),
(3565, 4, 92, 2.57),
(3566, 1, 131, 2.22),
(3567, 1, 173, 2.94),
(3568, 1, 119, 0.09),
(3569, 2, 106, 2.68),
(3570, 11, 8, 2.05),
(3571, 11, 79, 1.8),
(3572, 6, 80, 3.48),
(3573, 2, 126, 0.04),
(3574, 11, 136, 4.36),
(3575, 2, 176, 2.43),
(3576, 6, 33, 1.62),
(3577, 1, 71, 3.65),
(3578, 6, 40, 3.2),
(3579, 7, 152, 2.64),
(3580, 2, 15, 4.99),
(3581, 9, 140, 2.99),
(3582, 8, 104, 4.21),
(3583, 6, 168, 0.81),
(3584, 1, 121, 1.16),
(3585, 2, 25, 0.94),
(3586, 6, 16, 4.23),
(3587, 11, 51, 2.51),
(3588, 8, 159, 1.76),
(3589, 2, 111, 3.28),
(3590, 5, 51, 0.18),
(3591, 4, 113, 0.33),
(3592, 6, 27, 1.66),
(3593, 3, 13, 3.57),
(3594, 4, 121, 1.22),
(3595, 3, 71, 1.38),
(3596, 3, 39, 2.2),
(3597, 7, 87, 3.54),
(3598, 2, 79, 4.19),
(3599, 10, 164, 4.38),
(3600, 8, 126, 2.34),
(3601, 3, 164, 3.61),
(3602, 10, 68, 0.7),
(3603, 7, 90, 3.61),
(3604, 2, 86, 4.86),
(3605, 5, 56, 1.03),
(3606, 2, 165, 1.15),
(3607, 5, 79, 4.48),
(3608, 2, 39, 2.59),
(3609, 11, 41, 1.22),
(3610, 7, 4, 2.26),
(3611, 3, 119, 3.3),
(3612, 4, 133, 3.17),
(3613, 11, 173, 4.23),
(3614, 5, 59, 2.56),
(3615, 7, 69, 0.73),
(3616, 7, 94, 4.03),
(3617, 6, 4, 3.16),
(3618, 2, 115, 4.24),
(3619, 4, 27, 3.65),
(3620, 3, 149, 2.48),
(3621, 1, 108, 4.66),
(3622, 10, 99, 0.53),
(3623, 10, 41, 1.95),
(3624, 4, 40, 1.25),
(3625, 7, 47, 2.41),
(3626, 8, 134, 3.92),
(3627, 8, 30, 3.57),
(3628, 1, 46, 0.04),
(3629, 4, 81, 1.66),
(3630, 4, 122, 1.77),
(3631, 9, 129, 1.4),
(3632, 4, 96, 4.09),
(3633, 6, 15, 4.35),
(3634, 2, 178, 2.7),
(3635, 9, 38, 3.72),
(3636, 2, 42, 4.39),
(3637, 8, 153, 0.58),
(3638, 1, 176, 3.25),
(3639, 4, 139, 3.97),
(3640, 8, 2, 0.07),
(3641, 1, 28, 3.21),
(3642, 9, 156, 0.13),
(3643, 7, 125, 3.85),
(3644, 9, 116, 4.12),
(3645, 3, 101, 0.84),
(3646, 2, 58, 0.54),
(3647, 7, 104, 0.62),
(3648, 10, 27, 0.11),
(3649, 8, 49, 1.74),
(3650, 11, 108, 0.95),
(3651, 2, 51, 4.43),
(3652, 7, 54, 3.52),
(3653, 7, 8, 1.64),
(3654, 6, 100, 1.12),
(3655, 6, 128, 0.46),
(3656, 4, 86, 1.62),
(3657, 3, 181, 1.97),
(3658, 11, 134, 3.67),
(3659, 6, 15, 0.16),
(3660, 11, 90, 3.59),
(3661, 2, 72, 3.24),
(3662, 1, 61, 2.5),
(3663, 6, 1, 2.62),
(3664, 7, 78, 1.66),
(3665, 5, 168, 2.33),
(3666, 7, 74, 1.79),
(3667, 7, 138, 0.54),
(3668, 3, 170, 4.61),
(3669, 9, 47, 4.3),
(3670, 6, 20, 4.6),
(3671, 4, 117, 1.91),
(3672, 11, 134, 3.75),
(3673, 6, 86, 3.6),
(3674, 3, 144, 1.92),
(3675, 7, 108, 1.63),
(3676, 10, 42, 3.17),
(3677, 6, 84, 4.49),
(3678, 2, 146, 3.66),
(3679, 3, 4, 1.83),
(3680, 9, 137, 2.31),
(3681, 1, 156, 0.7),
(3682, 2, 41, 3.64),
(3683, 11, 125, 2.55),
(3684, 6, 166, 0.56),
(3685, 9, 130, 0.78),
(3686, 7, 124, 2.59),
(3687, 6, 31, 1.1),
(3688, 7, 52, 3.3),
(3689, 5, 45, 4.46),
(3690, 8, 170, 2.54),
(3691, 9, 31, 3.14),
(3692, 7, 51, 2.43),
(3693, 7, 100, 4.78),
(3694, 2, 133, 1.5),
(3695, 4, 115, 1.18),
(3696, 4, 129, 3.53),
(3697, 5, 160, 1),
(3698, 4, 34, 4.34),
(3699, 9, 48, 0.01),
(3700, 3, 16, 3.91),
(3701, 8, 164, 2.78),
(3702, 1, 133, 2.07),
(3703, 10, 28, 0.61),
(3704, 2, 76, 3.11),
(3705, 10, 71, 1.96),
(3706, 9, 147, 3.32),
(3707, 10, 76, 2.15),
(3708, 10, 45, 2.55),
(3709, 9, 93, 0.64),
(3710, 2, 29, 2.37),
(3711, 10, 4, 2.22),
(3712, 2, 80, 3.69),
(3713, 5, 116, 0.35),
(3714, 5, 180, 3.22),
(3715, 3, 49, 3.1),
(3716, 4, 115, 1.35),
(3717, 5, 83, 4.56),
(3718, 3, 43, 2.94),
(3719, 3, 80, 2.41),
(3720, 1, 177, 3.09),
(3721, 2, 177, 1.86),
(3722, 11, 109, 0.84),
(3723, 1, 126, 1.72),
(3724, 8, 31, 4.64),
(3725, 2, 158, 4.77),
(3726, 2, 176, 1.72),
(3727, 9, 6, 3.62),
(3728, 6, 82, 3.36),
(3729, 1, 11, 1.16),
(3730, 11, 54, 2.39),
(3731, 6, 15, 4.46),
(3732, 3, 76, 2.15),
(3733, 10, 34, 1.27),
(3734, 8, 140, 3.66),
(3735, 4, 97, 3.18),
(3736, 7, 177, 0.72),
(3737, 9, 96, 1.37),
(3738, 9, 13, 0.1),
(3739, 10, 70, 1.23),
(3740, 1, 121, 0.47),
(3741, 6, 11, 4.4),
(3742, 3, 92, 4.2),
(3743, 8, 160, 1.86),
(3744, 3, 171, 0.37),
(3745, 6, 89, 4.06),
(3746, 7, 104, 0.3),
(3747, 7, 128, 3.92),
(3748, 9, 129, 0.58),
(3749, 5, 159, 0.26),
(3750, 7, 178, 0.16),
(3751, 3, 172, 0.56),
(3752, 8, 46, 0.47),
(3753, 9, 64, 2.9),
(3754, 10, 86, 4.18),
(3755, 9, 57, 1.32),
(3756, 5, 28, 2.91),
(3757, 6, 101, 2),
(3758, 4, 81, 1.18),
(3759, 10, 93, 0.19),
(3760, 8, 20, 3.05),
(3761, 8, 142, 3.73),
(3762, 5, 120, 0.82),
(3763, 10, 127, 4.86),
(3764, 9, 166, 1.42),
(3765, 8, 91, 2.42),
(3766, 11, 33, 0.63),
(3767, 1, 9, 4.89),
(3768, 9, 152, 4.55),
(3769, 1, 91, 1.79),
(3770, 4, 70, 0.23),
(3771, 1, 44, 4.93),
(3772, 3, 6, 2.86),
(3773, 9, 14, 0.47),
(3774, 3, 175, 0.39),
(3775, 6, 45, 3.68),
(3776, 11, 93, 3.61),
(3777, 1, 42, 4.59),
(3778, 10, 131, 4.64),
(3779, 6, 103, 2.06),
(3780, 5, 111, 4.75),
(3781, 11, 131, 4.3),
(3782, 2, 20, 0.63),
(3783, 4, 28, 4.16),
(3784, 8, 14, 1.1),
(3785, 10, 140, 0.94),
(3786, 7, 111, 0.72),
(3787, 10, 7, 2.48),
(3788, 5, 70, 3.98),
(3789, 10, 135, 1.17),
(3790, 11, 5, 1.44),
(3791, 4, 173, 3.32),
(3792, 6, 65, 1.91),
(3793, 10, 3, 2.86),
(3794, 10, 70, 2.27),
(3795, 2, 45, 4.27),
(3796, 6, 22, 4.98),
(3797, 7, 21, 3.51),
(3798, 2, 140, 1.62),
(3799, 4, 101, 4.36),
(3800, 8, 152, 0.56),
(3801, 1, 162, 1.61),
(3802, 11, 132, 4.07),
(3803, 10, 4, 2.07),
(3804, 1, 150, 0.45),
(3805, 11, 110, 0.53),
(3806, 8, 43, 0.24),
(3807, 6, 91, 4.62),
(3808, 2, 142, 2.91),
(3809, 7, 14, 3.37),
(3810, 2, 131, 0.85),
(3811, 8, 161, 2),
(3812, 4, 88, 2.08),
(3813, 7, 157, 2.32),
(3814, 8, 41, 4.72),
(3815, 1, 78, 4.87),
(3816, 7, 8, 2.18),
(3817, 1, 171, 2.78),
(3818, 11, 20, 3.4),
(3819, 1, 56, 1.65),
(3820, 8, 116, 0.02),
(3821, 2, 100, 2),
(3822, 4, 109, 4.57),
(3823, 9, 24, 1.57),
(3824, 3, 3, 2.46),
(3825, 5, 113, 4.26),
(3826, 5, 78, 4.7),
(3827, 5, 54, 1.04),
(3828, 2, 23, 0.9),
(3829, 6, 16, 4.27),
(3830, 1, 91, 2.31),
(3831, 9, 120, 4.4),
(3832, 5, 80, 4.78),
(3833, 5, 74, 3.33),
(3834, 2, 103, 2.45);

-- --------------------------------------------------------

--
-- Table structure for table `RESTAURANT`
--

DROP TABLE IF EXISTS `RESTAURANT`;
CREATE TABLE `RESTAURANT` (
  `RESTAURANT_ID` int(10) NOT NULL,
  `NAME` varchar(250) DEFAULT NULL,
  `EMAIL` varchar(250) DEFAULT NULL,
  `NUMBER` varchar(250) DEFAULT NULL,
  `ADDRESS` varchar(250) DEFAULT NULL,
  `WEBSITE` varchar(250) DEFAULT NULL,
  `RATING` float DEFAULT NULL,
  `OPENING_TIME` time NOT NULL DEFAULT '08:00:00',
  `CLOSING_TIME` time NOT NULL DEFAULT '22:00:00',
  `MANAGER_ID` int(10) NOT NULL,
  `LATITUDE` double DEFAULT NULL,
  `LONGITUDE` double DEFAULT NULL
) ENGINE=InnoDB DEFAULT CHARSET=utf8mb4;

--
-- Dumping data for table `RESTAURANT`
--

INSERT INTO `RESTAURANT` (`RESTAURANT_ID`, `NAME`, `EMAIL`, `NUMBER`, `ADDRESS`, `WEBSITE`, `RATING`, `OPENING_TIME`, `CLOSING_TIME`, `MANAGER_ID`, `LATITUDE`, `LONGITUDE`) VALUES
(1, 'Hammad restaurant ', 'hammad@email ', '807965678902', 'here', 'website.com', 2.88, '08:00:00', '22:30:00', 4, 51.53517805018943, -0.6256543750838659),
(2, 'Magan\'s restaurant', 'maganrestaurant@email', '1245647', 'Wembley', 'https://jaydipmagan.com/', 4.1, '02:00:00', '05:30:00', 2, NULL, NULL),
(3, 'Anjali\'s restaurant', '', '', '', '', 3.5, '12:00:00', '05:30:00', 3, NULL, NULL),
(4, 'My Restaurant', 'my@email', '07776846506', 'London', 'https://hammadmehmood.co.uk', 2.83, '08:00:00', '22:00:00', 1, NULL, NULL);

-- --------------------------------------------------------

--
-- Table structure for table `USER`
--

DROP TABLE IF EXISTS `USER`;
CREATE TABLE `USER` (
  `USER_ID` int(10) NOT NULL,
  `NAME` varchar(250) NOT NULL,
  `SURNAME` varchar(250) NOT NULL,
  `EMAIL` varchar(250) NOT NULL,
  `PASSWORD` varchar(250) DEFAULT NULL,
  `GOOGLE_LOGIN` varchar(250) NOT NULL,
  `DIET_TYPE` int(10) NOT NULL DEFAULT 1,
  `INITIAL_TRAINING` varchar(100) NOT NULL DEFAULT 'false'
) ENGINE=InnoDB DEFAULT CHARSET=utf8mb4;

--
-- Dumping data for table `USER`
--

INSERT INTO `USER` (`USER_ID`, `NAME`, `SURNAME`, `EMAIL`, `PASSWORD`, `GOOGLE_LOGIN`, `DIET_TYPE`, `INITIAL_TRAINING`) VALUES
(1, 'Hammad', 'Muhammad', 'hammadmuhammad15@gmail.com', NULL, 'true', 1, 'true'),
(2, 'Aiza', 'Khan', 'aiza@email', '$2y$10$JBB1J8sxvY3MG.uyuPPAXeIdH5o4U5cVgpn.PONALhW.6u2UovWi6', '', 1, 'true'),
(3, 'Harsh', 'Patel', 'harsh_user@email', '$2y$10$JBB1J8sxvY3MG.uyuPPAXeIdH5o4U5cVgpn.PONALhW.6u2UovWi6', '', 1, 'false'),
(4, 'Jaydip', 'Magan', 'magan@email.com', '$2y$10$JBB1J8sxvY3MG.uyuPPAXeIdH5o4U5cVgpn.PONALhW.6u2UovWi6', '', 2, 'false'),
(5, 'Anjali', 'Shukla', 'anjali@email', '$2y$10$JBB1J8sxvY3MG.uyuPPAXeIdH5o4U5cVgpn.PONALhW.6u2UovWi6', '', 3, 'false'),
(6, 'Bhargav', 'Talluri', 'bhargav@email', '$2y$10$JBB1J8sxvY3MG.uyuPPAXeIdH5o4U5cVgpn.PONALhW.6u2UovWi6', '', 3, 'true'),
(7, 'Shanelie', 'Fernandez', 'shanelie@email', '$2y$10$JBB1J8sxvY3MG.uyuPPAXeIdH5o4U5cVgpn.PONALhW.6u2UovWi6', '', 2, 'false'),
(8, 'Hardik', 'Poptani', 'hardik@email', '$2y$10$JBB1J8sxvY3MG.uyuPPAXeIdH5o4U5cVgpn.PONALhW.6u2UovWi6', '', 1, 'true'),
(9, 'Nikhil', 'Difficult', 'nikhil@email', '$2y$10$JBB1J8sxvY3MG.uyuPPAXeIdH5o4U5cVgpn.PONALhW.6u2UovWi6', '', 3, 'true'),
(10, 'Dhruva', 'Konidena', 'dhruva@email', '$2y$10$JBB1J8sxvY3MG.uyuPPAXeIdH5o4U5cVgpn.PONALhW.6u2UovWi6', '', 1, 'false');

--
-- Indexes for dumped tables
--

--
-- Indexes for table `CONNECTIONS`
--
ALTER TABLE `CONNECTIONS`
  ADD PRIMARY KEY (`CONNECTION_ID`);

--
-- Indexes for table `EVENTS`
--
ALTER TABLE `EVENTS`
  ADD PRIMARY KEY (`EVENT_ID`);

--
-- Indexes for table `EVENT_LOCATIONS`
--
ALTER TABLE `EVENT_LOCATIONS`
  ADD PRIMARY KEY (`ID`);

--
-- Indexes for table `EVENT_USERS`
--
ALTER TABLE `EVENT_USERS`
  ADD PRIMARY KEY (`ID`);

--
-- Indexes for table `FOOD`
--
ALTER TABLE `FOOD`
  ADD PRIMARY KEY (`FOOD_ID`);

--
-- Indexes for table `FOOD_REVIEWS`
--
ALTER TABLE `FOOD_REVIEWS`
  ADD PRIMARY KEY (`REVIEW_ID`);

--
-- Indexes for table `IMAGES`
--
ALTER TABLE `IMAGES`
  ADD PRIMARY KEY (`IMAGE_ID`);

--
-- Indexes for table `MANAGER`
--
ALTER TABLE `MANAGER`
  ADD PRIMARY KEY (`MANAGER_ID`);

--
-- Indexes for table `NOTIFICATIONS`
--
ALTER TABLE `NOTIFICATIONS`
  ADD PRIMARY KEY (`NOTIFICATION_ID`);

--
-- Indexes for table `RATINGS`
--
ALTER TABLE `RATINGS`
  ADD PRIMARY KEY (`RATING_ID`);

--
-- Indexes for table `RESTAURANT`
--
ALTER TABLE `RESTAURANT`
  ADD PRIMARY KEY (`RESTAURANT_ID`),
  ADD UNIQUE KEY `NameIndex` (`NAME`);

--
-- Indexes for table `USER`
--
ALTER TABLE `USER`
  ADD PRIMARY KEY (`USER_ID`);

--
-- AUTO_INCREMENT for dumped tables
--

--
-- AUTO_INCREMENT for table `CONNECTIONS`
--
ALTER TABLE `CONNECTIONS`
  MODIFY `CONNECTION_ID` int(11) NOT NULL AUTO_INCREMENT, AUTO_INCREMENT=15;

--
-- AUTO_INCREMENT for table `EVENTS`
--
ALTER TABLE `EVENTS`
  MODIFY `EVENT_ID` int(10) NOT NULL AUTO_INCREMENT, AUTO_INCREMENT=68;

--
-- AUTO_INCREMENT for table `EVENT_LOCATIONS`
--
ALTER TABLE `EVENT_LOCATIONS`
  MODIFY `ID` int(10) NOT NULL AUTO_INCREMENT, AUTO_INCREMENT=59;

--
-- AUTO_INCREMENT for table `EVENT_USERS`
--
ALTER TABLE `EVENT_USERS`
  MODIFY `ID` int(11) NOT NULL AUTO_INCREMENT, AUTO_INCREMENT=98;

--
-- AUTO_INCREMENT for table `FOOD`
--
ALTER TABLE `FOOD`
  MODIFY `FOOD_ID` int(10) NOT NULL AUTO_INCREMENT, AUTO_INCREMENT=182;

--
-- AUTO_INCREMENT for table `FOOD_REVIEWS`
--
ALTER TABLE `FOOD_REVIEWS`
  MODIFY `REVIEW_ID` int(10) NOT NULL AUTO_INCREMENT, AUTO_INCREMENT=20;

--
-- AUTO_INCREMENT for table `IMAGES`
--
ALTER TABLE `IMAGES`
  MODIFY `IMAGE_ID` int(10) NOT NULL AUTO_INCREMENT, AUTO_INCREMENT=199;

--
-- AUTO_INCREMENT for table `MANAGER`
--
ALTER TABLE `MANAGER`
  MODIFY `MANAGER_ID` int(10) NOT NULL AUTO_INCREMENT, AUTO_INCREMENT=5;

--
-- AUTO_INCREMENT for table `NOTIFICATIONS`
--
ALTER TABLE `NOTIFICATIONS`
  MODIFY `NOTIFICATION_ID` int(10) NOT NULL AUTO_INCREMENT, AUTO_INCREMENT=16;

--
-- AUTO_INCREMENT for table `RATINGS`
--
ALTER TABLE `RATINGS`
  MODIFY `RATING_ID` int(10) NOT NULL AUTO_INCREMENT, AUTO_INCREMENT=3835;

--
-- AUTO_INCREMENT for table `RESTAURANT`
--
ALTER TABLE `RESTAURANT`
  MODIFY `RESTAURANT_ID` int(10) NOT NULL AUTO_INCREMENT, AUTO_INCREMENT=7;

--
-- AUTO_INCREMENT for table `USER`
--
ALTER TABLE `USER`
  MODIFY `USER_ID` int(10) NOT NULL AUTO_INCREMENT, AUTO_INCREMENT=11;
COMMIT;
